bioKey,targets
abelone_750,base
abhay_generic,Harem.esp
abigail_808,MVC Abigail Follower.esp
abiona_generic,Abiona.esp
acolyte_jenssen_E7A,base
acolyte_sulveld_generic,Solitude Docks.esp
adara_306,base
adderick_bellio_A29,Immersive Encounters.esp
addicted_man_840,Inconsequential NPCs.esp
addicted_man_841,Inconsequential NPCs.esp
addvar_8D4,base
addvild_E01,base
adeber_1AE,base
adelaisa_vendicci_13E,base
adilya_generic,base
adira_generic,_VK_Adira.esp
adisla_970,base
adius_vilius_121,BSHeartland.esm
adonato_leotelli_119,base
adrianne_avenicci_67C,base
adril_arano_281,base
aduri_sarethi_E12,base
aebond_malumea_F25,BSHeartland.esm
aela_the_huntress_697,base
aelwin_traven_A59,LotsPaidMercs.esp
aenar_395,ETaC – Complete.esp | ETaC – Karthwasten.esp
aeowyn_generic,Mistborn.esp
aera_the_devout_049,BSHeartland.esm
aeri_6D2,base
aerin_DF8,base
aeta_FCE,base
afanna_eddici_E81,BSHeartland.esm
afer_famalius_B35,BSHeartland.esm
affable_gent_199,base
afflicted_2A4,base
afflicted_35A,base
afflicted_3A9,base
afflicted_400,base
afflicted_413,base
afflicted_43D,base
afflicted_generic,base
afflicted_refugee_generic,base
afflicted_remnants_generic,base
afrah_generic,Harem - Volume 3.esp
aganir_balbus_EA3,LotsPaidMercs.esp
aganoth_B8D,LotsPaidMercs.esp
agatha_generic,Chronicon Follower Pack II.esp
agent_lorcalin_99D,base
agent_sanyon_7FC,base
agmaer_474,base
agna_37F,base
agni_A5F,base
agnis_045,base
agrius_B18,base
agroa_muguk_B94,OCW_Obscure's_CollegeofWinterhold.esp
ahjisi_09C,base
ahkari_34A,base
ahlam_6A5,base
ahraein_E19,fantasystylefollowers.esp
ahtar_8B0,base
ai_generic,Chronicon Follower Pack II.esp
aia_arria_8D0,base
aicantar_909,base
aina_generic,SR Elf Followers.esp
ainethach_931,base
akar_9CA,base
akomi_816,Akomi.esp
akorithi_BDD,Dawn of Skyrim.esp
al_hassan_9DB,3DNPC.esp
alain_dufont_AFF,base
alammu_nethre_59C,BSHeartland.esm
alana_D62,Immersive Followers.esp
alana_generic,base
alarasa_generic,Naz_GuildVol2.esp
alassea_A9F,3DNPC.esp
alavva_venucius_78F,BSHeartland.esm
albecius_jucani_F23,BSHeartland.esm
albino_argonian_generic,JokerineArgonianSettlement.esp
alday_8E0,ETaC – Complete.esp | ETaC – Dawnstar.esp
aldi_AC0,3DNPC.esp
alding_26A,base
aldos_dren_generic,base
alduin_generic,base
alea_quintus_3F2,base
aleena_3E7,Mayatola Unique Followers AIO.esp
alendriel_B21,3DNPC.esp
aleron_generic,wanderingskyrim.esp
alesan_F73,base
alessandra_DD9,base
alessio_moretti_generic,base
alethius_70B,base
aleuc_037,cutting room floor.esp
alexandra_810,GirlsJV.esp
alexandra_generic,base
alexia_generic,Chronicon Follower Pack II.esp
alexia_vici_B2A,base
alfarinn_7C8,base
alfhild_battle-born_68B,base
algarve_generic,Naughty Girls of Tamriel SSE AIO.esp
alhildr_fair-wind_generic,ETaC - Complete.esp | ETaC - Dawnstar.esp
alice_25E,fantasystylefollowers.esp
alice_generic,GirlsJV.esp
alicia_D77,fantasystylefollowers.esp
alicia_generic,AliciaFollower.esp
alik_r_prisoner_5F6,base
alik_r_warrior_generic,base
alina_9B9,BSHeartland.esm
alina_generic,TrustyHPFollowerPack.esp
alva_A5C,base
alvide_8B7,base
alvor_482,base
amalee_88A,3DNPC.esp
amanra_solas_generic,ICNs_ImmersiveCollegeNPCs.esp
amarie_5A5,AsharaErinFollower.esp
amaund_motierre_43B,base
amaya_generic,AmayaHPSSE.esp | AmayaLPSSE.esp
ambarys_rendar_128,base
ambassador_al-salhad_539,BecomeKingofSkyrimTNG.esp
ambassador_cassian_53A,BecomeKingofSkyrimTNG.esp
ambassador_leafshade_53B,BecomeKingofSkyrimTNG.esp
ambassador_salmus_53C,BecomeKingofSkyrimTNG.esp
ambassador_sevren_53D,BecomeKingofSkyrimTNG.esp
ambassador_valandor_53E,BecomeKingofSkyrimTNG.esp
ambassador_vaudren_53F,BecomeKingofSkyrimTNG.esp
ambassador_za_rashi_540,BecomeKingofSkyrimTNG.esp
ambric_869,BSHeartland.esm
amicus_D27,3DNPC.esp
amiel_famalius_generic,BSHeartland.esm
amilia_siva_generic,br0sBeastRacesOfSkyrimCompilationV3.esp
among-the-hist_736,3DNPC.esp
amras_8FC,3DNPC.esp
amren_66A,base
amusing_mudcrab_1EB,Project AHO.esm
anabella_generic,AnabellaHPfollower.esp
ananril_F2A,BSHeartland.esm
ancano_7D8,base
ancarion_8C7,base
ancient_vampire_generic,base
anders_225,base
anduniel_EED,AnnaNPCs.esp
andurs_68D,base
ange_the_song-bearer_A56,3DNPC.esp
angeline_morrard_8D2,base
anger_generic,base
angi_B2E,base
angrenor_once-honored_138,base
angvid_77F,base
ania_generic,AniaFollower.esp
anise_F87,base
anita_generic,Harem - Volume 3.esp
anja_4D8,AsharaErinFollower.esp
anja_axe-hand_generic,1B04ExtraNPCs.esp
anja_black-dagger_ACE,LotsPaidMercs.esp
annekke_crag-jumper_092,base
anong_generic,Nyrified Akavir - Followers.esp
anoriath_680,base
anska_3F2,base
anton_virane_90A,base
antonella_generic,Harem Volume IV.esp
anum-la_the_swamp_knight_4C5,3DNPC.esp
anuriel_DEE,base
anwen_902,base
aphia_velothi_27D,base
applewatch_guard_generic,BSHeartland.esm
apprentice_conjurer_generic,base
apprentice_fire_mage_generic,base
apprentice_ice_mage_generic,base
apprentice_necromancer_generic,base
apprentice_storm_mage_generic,base
aquillius_aeresius_AD9,base
arah_9E3,Immersive Wenches.esp
aralas_larethor_generic,1B04ExtraNPCs.esp
arameth_generic,WanderingFollowers1.1.esp
aranea_ienith_AD1,base
aranga_BC4,BecomeKingofSkyrimTNG.esp
arani_valestorm_generic,HammetDungeon01.esm
arcadia_66D,base
arch-curate_vyrthur_C13,base
arch_conjurer_generic,base
arch_cryomancer_generic,base
arch_electromancer_generic,base
arch_necromancer_generic,base
arch_pyromancer_generic,base
archer_sigrin_generic,CampVarglya.esp
arcturus_6CF,base
ardwen_generic,base
arelthor_633,3DNPC.esp
aretha_belven_2FE,LotsPaidMercs.esp
arget_generic,wanderingskyrim.esp
arghus_07B,3DNPC.esp
argi_farseer_generic,base
argis_the_bulwark_C92,base
argus_fenneric_574,LegacyoftheDragonborn.esm
ari_1CD,base
ariel_generic,base
ariele_16C,3DNPC.esp
arilwaen_88C,3DNPC.esp
aringoth_E13,base
arisse_A02,Immersive Wenches.esp
arivanya_144,base
arlina_A03,Immersive Wenches.esp
armion_58A,BSHeartland.esm
armion_generic,base
arnbjorn_DE7,base
arngeir_6B3,base
arniel_gane_generic,base
arniel_s_shade_1AB,base
arnoth_the_bright-eyed_generic,BSHeartland.esm
arnskar_ember-master_9E9,base
arnynne_641,Immersive Wenches.esp
arob_92A,base
arondil_D81,base
arrald_frozen-heart_generic,base
artmoor_the_bard_DCC,BecomeKingofSkyrimTNG.esp
arvel_the_swift_655,base
aryni_sendu_9F7,Project AHO.esm
asbjorn_fire-tamer_DF3,base
ascendant_conjurer_generic,base
ascendant_necromancer_generic,base
asgeir_snow-shod_DCD,base
asgeld_4A2,3DNPC.esp
ashana_tarvanabibi_generic,CampNewZainab.esp
ashe_D64,Immersive Followers.esp
ashlander_guard_generic,CampNewZainab.esp
ashtoreth_generic,V_Ashtoreth.esp
aslfur_A68,base
aspect_of_hircine_CE9,base
aspiring_college_student_generic,base
aspiring_mage_generic,base
assassin_generic,base
assur_1B7,base
asta_CC5,base
asteria_45B,3DNPC.esp
astor_astentius_9D2,BSHeartland.esm
astrelle_the_bard_E9D,BecomeKingofSkyrimTNG.esp
astrid_DE8,base
asuka_744,Harem Volume IV.esp
ataf_14D,base
atahbah_341,base
atar_2E7,base
athis_6D6,base
athyn_releth_421,Project AHO.esm
atienne_guilette_821,BSHeartland.esm
atirr_generic,wanderingskyrim.esp
atmah_DBF,base
atsuka_generic,Mistborn.esp
attendant_generic,base
atub_E19,base
atul_generic,BSHeartland.esm
augur_of_dunlain_D7C,base
auresh_generic,TrustyHPFollowerPack.esp
auri_9C8,018Auri.esp
aurora_80B,GirlsJV.esp
auryen_morellus_33F,LegacyoftheDragonborn.esm
auryen_morellus_809,LegacyoftheDragonborn.esm
auryen_morellus_971,LegacyoftheDragonborn.esm
auryen_morellus_CFE,LegacyoftheDragonborn.esm
avaang_ice_tooth_generic,base
aval_atheron_124,base
avald_raven-hand_A7A,Environs - Abandoned Abodes.esp
avar_9A7,BSHeartland.esm
aventus_aretino_121,base
averna_E20,3DNPC.esp
avik_tralan_89A,LotsPaidMercs.esp
avram_shazir_0E2,LegacyoftheDragonborn.esm
avram_shazir_EAE,LegacyoftheDragonborn.esm
avrusa_sarethi_E11,base
avulstein_gray-mane_686,base
avus_tyraim_generic,1B04ExtraNPCs.esp
axel_zenphire_generic,br0sBeastRacesOfSkyrimCompilationV3.esp
aya_847,Chronicon Follower Pack I.esp
aymar_generic,Aymarandfriends.esp
azadi_837,base
azura_AEA,base
azzada_lylvieve_A2B,base
azzadal_C82,base
azzan_380,KO2Azzan.esp
azzarian_172,3DNPC.esp
babette_4BC,base
badnir_77A,base
bagamu_gar_AD8,BecomeKingofSkyrimTNG.esp
bagrak_689,base
bal-ran_0AE,MoonAndStar_MAS.esp
balag_jo_4EB,ETaC – Complete.esp | ETaC – Karthwasten.esp
balagog_gro-nolob_C6F,base
balbus_generic,base
baldarich_849,Chronicon Follower Pack I.esp
baldor_iron-shaper_FB8,base
balfhe_BC8,BecomeKingofSkyrimTNG.esp
balgrumtz_6BC,Project AHO.esm
balgruuf_the_greater_677,base
balimund_DF1,base
bandit_agent_spook_generic,OBIS SE.esp
bandit_chief_generic,base
bandit_chief_lieutenant_generic,OBIS SE.esp
bandit_daughter_of_the_hammer_generic,OBIS SE.esp
bandit_doorwarden_generic,base
bandit_dropper_assailant_generic,OBIS SE.esp
bandit_dropper_assassin_generic,OBIS SE.esp
bandit_dropper_eliminator_generic,OBIS SE.esp
bandit_dropper_generic,OBIS SE.esp
bandit_dropper_hitwoman_generic,OBIS SE.esp
bandit_dropper_killer_generic,OBIS SE.esp
bandit_exalted_lieutenant_generic,OBIS SE.esp
bandit_finger_of_the_mountain_generic,OBIS SE.esp
bandit_frostborn_disciple_generic,OBIS SE.esp
bandit_generic,base
bandit_highwayman_archer_generic,OBIS SE.esp
bandit_highwayman_generic,base
bandit_highwayman_mage_generic,OBIS SE.esp
bandit_highwayman_warrior_generic,OBIS SE.esp
bandit_ice_mage_exalted_lieutenant_generic,OBIS SE.esp
bandit_lavian_servant_generic,OBIS SE.esp
bandit_lieutenant_generic,OBIS SE.esp
bandit_lieutenant_overseer_generic,OBIS SE.esp
bandit_mage_generic,OBIS SE.esp
bandit_marauder_archer_generic,OBIS SE.esp
bandit_marauder_generic,OBIS SE.esp
bandit_marauder_warrior_generic,OBIS SE.esp
bandit_outlaw_archer_generic,OBIS SE.esp
bandit_outlaw_generic,base
bandit_outlaw_mage_generic,OBIS SE.esp
bandit_outlaw_warrior_generic,OBIS SE.esp
bandit_plunderer_generic,base
bandit_plunderer_warrior_generic,OBIS SE.esp
bandit_raid_lieutenant_generic,OBIS SE.esp
bandit_reaver_archer_generic,OBIS SE.esp
bandit_reaver_chief_lieutenant_generic,OBIS SE.esp
bandit_reaver_exalted_lieutenant_generic,OBIS SE.esp
bandit_reaver_generic,OBIS SE.esp
bandit_reaver_highwayman_archer_generic,OBIS SE.esp
bandit_reaver_highwayman_mage_generic,OBIS SE.esp
bandit_reaver_highwayman_warrior_generic,OBIS SE.esp
bandit_reaver_lieutenant_generic,OBIS SE.esp
bandit_reaver_lieutenant_overseer_generic,OBIS SE.esp
bandit_reaver_lord_generic,OBIS SE.esp
bandit_reaver_mage_generic,OBIS SE.esp
bandit_reaver_marauder_archer_generic,OBIS SE.esp
bandit_reaver_marauder_mage_generic,OBIS SE.esp
bandit_reaver_marauder_warrior_generic,OBIS SE.esp
bandit_reaver_outlaw_archer_generic,OBIS SE.esp
bandit_reaver_outlaw_mage_generic,OBIS SE.esp
bandit_reaver_outlaw_warrior_generic,OBIS SE.esp
bandit_reaver_plunderer_archer_generic,OBIS SE.esp
bandit_reaver_plunderer_mage_generic,OBIS SE.esp
bandit_reaver_plunderer_warrior_generic,OBIS SE.esp
bandit_reaver_raid_lieutenant_generic,OBIS SE.esp
bandit_reaver_thug_archer_generic,OBIS SE.esp
bandit_reaver_thug_mage_generic,OBIS SE.esp
bandit_reaver_thug_warrior_generic,OBIS SE.esp
bandit_reaver_warrior_generic,OBIS SE.esp
bandit_ringleader_generic,OBIS SE.esp
bandit_schemer_deviser_generic,OBIS SE.esp
bandit_schemer_director_generic,OBIS SE.esp
bandit_schemer_engineer_generic,OBIS SE.esp
bandit_schemer_generic,OBIS SE.esp
bandit_schemer_manipulator_generic,OBIS SE.esp
bandit_schemer_tinkerer_generic,OBIS SE.esp
bandit_sorcerer_generic,OBIS SE.esp
bandit_spellslinger_generic,OBIS SE.esp
bandit_thief_generic,OBIS SE.esp
bandit_thug_archer_generic,OBIS SE.esp
bandit_thug_generic,base
bandit_thug_mage_generic,OBIS SE.esp
bandit_thug_warrior_generic,OBIS SE.esp
bandit_warrior_generic,OBIS SE.esp
bandit_warspell_combatmage_generic,OBIS SE.esp
bandit_woman_of_the_hammer_generic,OBIS SE.esp
banning_7A9,base
banus_jucani_F1D,BSHeartland.esm
bao_thao_generic,Nyrified Akavir - Followers.esp
baral_sendu_99C,base
barbas_535,base
bard_522,Inconsequential NPCs.esp
barknar_07A,base
barknar_8B5,base
baroness_5A2,3DNPC.esp
barr_generic,SnakBarr.esp
bartender_E67,Helgen Reborn.esp
bashnag_99D,base
basil_827,ETaC – Complete.esp | ETaC – Riverwood.esp
basks-in-laconism_generic,JokerineArgonianSettlement.esp
bassianus_axius_E08,base
batheru_0E8,3DNPC.esp
bathes-in-murky-waters_AD1,BSHeartland.esm
battle-born_servant_115,Inconsequential NPCs.esp
battle-maiden_helena_generic,CampVarglya.esp
batto_signirius_D63,LotsPaidMercs.esp
batul_generic,Aymarandfriends.esp
batum_gra-bar_5C0,base
bayru_tali_generic,br0sBeastRacesOfSkyrimCompilationV3.esp
beatrice_77E,3DNPC.esp
beautiful_barbarian_321,base
beeele_5A0,Immersive Encounters.esp
beem-ja_generic,base
beinir_19A,Inconsequential NPCs.esp
beirand_8D8,base
beitgird_generic,Traveling Merchant Caravans.esp
beitild_6B6,base
belchimac_934,base
belethor_672,base
beleval_C14,base
bella_09D,Immersive Wenches.esp
bella_80C,GirlsJV.esp
belle_generic,acpanda Follower Pack.esp
belnir_the_old_D60,LotsPaidMercs.esp
belrand_988,base
belvadyr_rathvasi_generic,MoonAndStar_MAS.esp
belyn_hlaalu_127,base
bendt_7DB,base
benild_9C5,3DNPC.esp
benkum_82A,base
benkum_generic,base
benor_A65,base
bentior_0C9,BSHeartland.esm
benuni_alfena_05C,BSHeartland.esm
beora_generic,Solitude Docks.esp
beran_blantene_generic,1B04ExtraNPCs.esp
berel_othrelas_D9F,Dawn of Skyrim.esp
berenguela_83A,Chronicon Follower Pack I.esp
berg_9F8,3DNPC.esp
bergritte_battle-born_688,base
bernila_generic,Nyrified Akavir - Followers.esp
bersi_honey-hand_DD0,base
berud_F91,CFTO.esp
betrid_silver-blood_8E7,base
bettany_422,3DNPC.esp
bette_961,3DNPC.esp
beyla_652,Winterhold Restored.esp
big_laborer_CD3,base
bilbus_A80,3DNPC.esp
birna_18C,base
birsa_3EA,Inconsequential NPCs.esp
bjarni_shatter-stone_CC4,BSHeartland.esm
bjartur_8BE,base
bjogor_the_wanderer_generic,1B04ExtraNPCs.esp
bjorlam_698,base
bjornolfr_237,base
black-briar_mercenary_E87,base
black-briar_mercenary_generic,base
black-briar_servant_FA0,Inconsequential NPCs.esp
blaise_F54,base
blaise_neuvier_generic,br0sBeastRacesOfSkyrimCompilationV3.esp
blasphemous_priest_318,base
bleekius_B8A,LotsPaidMercs.esp
blind_balius_15E,BSHeartland.esm
blood_horker_generic,base
bloodchill_manor_waiter_B28,base
blooded_vampire_generic,base
bodan_3DF,3DNPC.esp
bodean_generic,Solitude Docks.esp
bodil_6DD,base
boethiah_cultist_generic,base
boethiah_generic,base
bolar_097,base
bolar_gratius_0F9,BSHeartland.esm
bolfrida_brandy-mug_97A,base
bolgeir_bearclaw_8C3,base
bolli_DD7,base
bolund_81F,base
bonebreaker_steel-hand_generic,CampVarglya.esp
bor_8E2,base
borgakh_the_steel_heart_688,base
borgny_7B3,base
borik_redbeard_generic,base
borkul_the_beast_915,base
borri_6B4,base
borvir_048,base
bothela_8F7,base
bothilda_3F5,ETaC – Complete.esp | ETaC – Rorikstead.esp
bothilda_A99,Inconsequential NPCs.esp
boti_E05,base
botram_the_hammer_A4E,BSHeartland.esm
bottar_generic,base
bouncer_54B,base
bounty_collector_generic,base
bowen_D46,ETaC – Complete.esp | ETaC – Dawnstar.esp
bradyn_7ED,base
braenn_generic,Azeneths Angels.esp | Braenn.esp
braig_911,base
braith_66B,base
brakh_D79,3DNPC.esp
bralsa_drel_F16,base
bralys_sendu_9F8,Project AHO.esm
brand-shei_5A1,base
brandel_green-beard_generic,Solitude Docks.esp
brandish_DDC,base
brandulf_578,ETaC – Complete.esp | ETaC – Riverwood.esp
braste_0D4,BecomeKingofSkyrimTNG.esp
brelas_F39,base
brelyna_maryon_1A4,base
brenuin_90F,base
breya_555,base
briana_e5c,Helgen Reborn.esp
bridget_generic,Bridgetfollower.esp
briehl_5FC,base
brill_6A3,base
brilrond_ice-veins_generic,base
brina_merilis_6B8,base
britte_6AC,base
brond_generic,base
brother_arthorian_9B9,BecomeKingofSkyrimTNG.esp
brother_renmar_630,3DNPC.esp
brother_verulus_B8F,base
bruma_guard_generic,BSHeartland.esm
bruma_jailer_generic,BSHeartland.esm
brunwulf_free-winter_117,base
brutius_B33,base
bryling_8BF,base
bryling_s_servant_7DA,Inconsequential NPCs.esp
brynhildr_2A6,fantasystylefollowers.esp
brynjolf_545,base
bujold_the_unworthy_512,base
bulfrek_6C2,base
byggvir_653,Winterhold Restored.esp
byleth_generic,FEpack2_followers.esp
byrama_davor_8EA,Project AHO.esm
cadius_venucius_505,BSHeartland.esm
cairine_702,base
caitriona_3E3,Mayatola Unique Followers AIO.esp
calcelmo_908,base
calder_C96,base
calindra_46F,Mayatola Unique Followers AIO.esp
calixto_corrium_11D,base
callen_B6C,3DNPC.esp
calveera_valenne_397,BecomeKingofSkyrimTNG.esp
calvus_attimus_generic,1B04ExtraNPCs.esp
camaron_668,3DNPC.esp
camilla_valerius_488,base
caminda_A98,ETaC – Complete.esp | ETaC – Riverwood.esp
can-not-even_generic,JokerineArgonianSettlement.esp
candariel_7C5,ETaC – Complete.esp | ETaC – Dawnstar.esp
candy_D6A,CandyJV.esp
captain_aldis_FB9,base
captain_aquilius_4E6,base
captain_avidius_03C,base
captain_hargar_486,base
captain_hodr_D33,Winterhold Restored.esp
captain_hodr_D34,Winterhold Restored.esp
captain_iron-hull_generic,Solitude Docks.esp
captain_lonely-gale_5D1,base
captain_metilius_generic,base
captain_rodmar_generic,Solitude Docks.esp
captain_valmir_5B7,base
captain_veleth_2AD,base
captain_wayfinder_7AB,base
carah_swift-wind_613,3DNPC.esp
carcette_the_survivor_generic,KeeperCarcetteSurvives.esp
cardan_generic,MVC Jaylen Follower Pack.esp
cardana_pallo_5AD,BeyondSkyrimMerchant.esp
carlotta_valentia_675,base
carmella_E4F,3DNPC.esp
carriage_guard_96E,Inconsequential NPCs.esp
carriage_guard_971,Inconsequential NPCs.esp
carriage_guard_972,Inconsequential NPCs.esp
carriage_guard_973,Inconsequential NPCs.esp
carriage_guard_974,Inconsequential NPCs.esp
carriage_guard_BE4,Inconsequential NPCs.esp
carrot_generic,Carrot.esp
carvain_bodyguard_generic,base
casimir_EF6,Dawn of Skyrim.esp
cassadora_generic,TrustyHPFollowerPack.esp
cassia_0E4,Inconsequential NPCs.esp
cassia_generic,base
cassia_virelli_302,BecomeKingofSkyrimTNG.esp
cassie_generic,Cassie_follower.esp
cassius_4A0,3DNPC.esp
cassock_690,3DNPC.esp
castious_generic,wanderingskyrim.esp
catarina_94D,Immersive Wenches.esp
caylene_8B1,3DNPC.esp
cecil_zaraht_generic,br0sBeastRacesOfSkyrimCompilationV3.esp
cecilia_2D0,fantasystylefollowers.esp
cedran_8F0,base
cedus_perusius_A52,BSHeartland.esm
celann_C15,base
century_numinar_685,WheelsOfLull.esp
cerendil_00F,BSHeartland.esm
cerise_buonorecchi_61A,AnnaNPCs.esp
cerri_steelfist_generic,Cerri.esp
chaconne_generic,Chaconne.esp
challenger_generic,base
champion_of_boethiah_4FF,base
chantal_generic,Harem - Volume 3.esp
chelsea_generic,Chelsea - The Purifier.esp
chief_burguk_928,base
chief_larak_683,base
chief_mauhulakh_098,base
chief_yamarz_C27,base
chinatsu_844,Chronicon Follower Pack I.esp
chomps-on-hail_generic,JokerineArgonianSettlement.esp
christer_73E,base
chronographer_guard_generic,WheelsOfLull.esp
ciara_generic,SmaffsCiara.esp
cicero_CB0,base
cindaia_malumea_FD5,BSHeartland.esm
cindiri_arano_283,base
cinia_EB2,Dawn of Skyrim.esp
claire_956,Immersive Wenches.esp
clare_generic,Clare_HPHFollower.esp
clario_moorsley_044,3DNPC.esp
clarynthe_generic,TrustyHPFollowerPack.esp
clavicus_vile_generic,base
clemick_lochar_59E,LotsPaidMercs.esp
clinton_lylvieve_A2D,base
clodia_generic,Harem Volume IV.esp
clove_generic,Clove Follower.esp
cobalt_haugher_generic,br0sBeastRacesOfSkyrimCompilationV3.esp
coco_generic,KuroneFollowers.esp
coda_D65,Immersive Followers.esp
cola_generic,ColaNyr.esp
coldhearted_gravedigger_31F,base
colette_marence_1A8,base
college_guard_generic,base
collene_jondrelle_generic,Solitude Docks.esp
commander_caius_258,base
commander_maro_CC5,base
companion_ghost_130,base
companion_ghost_131,base
companion_ghost_133,base
companion_ghost_190,base
companion_ghost_B94,base
companion_ghost_BA1,base
conjurer_adept_generic,base
conjurer_generic,base
constance_michel_DE5,base
constin_valinvius_D70,LotsPaidMercs.esp
cookie_generic,Solitude Docks.esp
coralyn_generic,CS_Coralyn.esp
cornelia_839,Chronicon Follower Pack I.esp
corpulus_vinius_8A0,base
corrupt_agent_30F,base
corvon_459,BSHeartland.esm
coryn_generic,Harem Volume IV.esp
cosnach_8FA,base
count_desilus_carvain_589,BSHeartland.esm
courier_FB7,base
courtney_94F,Immersive Wenches.esp
cow_hand_generic,base
crassius_herecu_6A1,Skyrim Immersive Creatures Special Edition.esp
crecius_rodlin_04A,BSHeartland.esm
crendal_greenwing_70C,LotsPaidMercs.esp
crescius_caerellius_27B,base
crethia_generic,Crethia.esp
crouches-in-crevices_86B,BSHeartland.esm
cryomancer_generic,base
curate_melita_156,base
curwe_6B4,base
cyldra_93A,Environs - Abandoned Abodes.esp
cynric_endell_FDA,base
daegon_902,k101Daegon.esp
daena_generic,DaenaFollower.esp
daenlyn_oakhollow_04D,3DNPC.esp
dagny_67A,base
dagri_lon_3BC,3DNPC.esp
dagur_18D,base
dahlia_aurin_generic,Naz_Dahlia.esp
daighre_9B3,base
dalan_merchad_7A7,base
dalawen_generic,1B04ExtraNPCs.esp
dalos_verendas_9DF,Project AHO.esm
dals_generic,base
dalum-ei_A90,3DNPC.esp
danica_pure-spring_69F,base
daphnne_073,Immersive Wenches.esp
dar_rakki_911,3DNPC.esp
dar_taqto_59B,BSHeartland.esm
darcy_56E,3DNPC.esp
darela_generic,Naz_GuildVol2.esp
darion_fleetfoot_503,AnnaNPCs.esp
dark_brotherhood_initiate_D07,base
dark_brotherhood_initiate_D09,base
darksteel_agent_-_female_dumer_A91,3DNPC.esp
darksteel_agent_-_male_nord_A90,3DNPC.esp
darksteel_agent_generic,3DNPC.esp
darksteel_watcher_A95,3DNPC.esp
darshee_generic,Harem.esp
daumbra_A4D,FloatingSwordFollower.esp
davin_ulrith_DB5,LotsPaidMercs.esp
dawnguard_hunter_generic,base
dawnguard_novice_hakar_generic,base
dawnguard_scout_generic,base
dawnguard_vampire_hunter_generic,base
dawnstar_guard_generic,base
dawsyn_generic,FFNords.esp
daynas_valen_1A1,base
daynil_69C,Dawn of Skyrim.esp
dead_imperial_woman_9CB,base
debora_generic,Harem Volume IV.esp
deceased_dark_brotherhood_assassin_760,base
deceased_darksteel_agent_030,3DNPC.esp
deceased_darksteel_agent_940,3DNPC.esp
deceased_refugee_43C,base
deceased_refugee_generic,base
deceased_talos-worshiper_generic,base
deeja_8B8,base
deekus_5C3,base
deep-in-his-cups_generic,base
default,base
degaine_325,base
deirdre_A13,3DNPC.esp
delacourt_667,base
dellingr_AD9,Winterhold Restored.esp
delmar_generic,Solitude Docks.esp
delphine_485,base
delvin_mallory_A41,base
demi_generic,MXTDemi.esp
deminia_FB5,cutting room floor.esp
deneris_9BC,3DNPC.esp
dengeir_of_stuhn_81B,base
deor_woodcutter_FA8,base
derkeethus_08D,base
derthel_generic,base
dervenin_8DC,base
desdemona_DD7,Harem 2 AIO Armored.esp
desperate_gambler_316,base
devesha_E74,Immersive Followers.esp
devran_1BF,3DNPC.esp
dexion_evicus_B88,base
dhara_generic,DharaFollowerHP.esp
dhona_generic,Harem Volume IV.esp
diane_9CB,TheGiftofSaturalia.esp
dianna_158,Helgen Reborn.esp
dinmir_generic,SolstheimMerchantsInWhiterun.esp
dinya_balu_DD6,base
dion_generic,DionFollowerHP.esp
dirassi_DAC,3DNPC.esp
dirge_DFA,base
dishonored_skald_31A,base
do_shanir_the_cook_599,LotsPaidMercs.esp
do_virran_B83,LotsPaidMercs.esp
dominique_2E0,Harem 2 AIO Armored.esp
domnamagia_813,base
donatella_DAA,Harem 2 AIO Armored.esp
donnel_73D,base
doorman_BF3,base
dorian_525,base
dorthe_484,base
dra_ba_tovi_generic,OCW_Obscure's_CollegeofWinterhold.esp
drahff_FDE,base
dralys_tyravel_0BC,Project AHO.esm
drascua_0D8,base
dravin_llanith_E15,base
dravos_65D,3DNPC.esp
dravynea_the_stoneweaver_08B,base
dravynea_yenabi_4EB,LotsPaidMercs.esp
dread_girl_generic,DreadGirl.esp
drelas_A75,base
dremora_butler_F27,base
dremora_merchant_EC1,base
dremyn_generic,CampNewZainab.esp
drennen_A30,base
drevis_neloren_1A6,base
dreya_3E9,Mayatola Unique Followers AIO.esp
dreyla_alor_295,base
drifa_DCF,base
drilnevi_orendas_DB1,LotsPaidMercs.esp
dro_bar_4B8,3DNPC.esp
dro_marash_347,base
drovas_relvi_43D,base
drunk_cultist_B2F,base
drynger_pure-heart_4EF,LotsPaidMercs.esp
dryston_713,base
duach_912,base
dulug_8C1,base
dumrag_gro-morrg_1B6,BSHeartland.esm
durak_C16,base
duraz_800,3DNPC.esp
durian_B1B,base
durnehviir_A31,base
durz_gra-bagol_generic,Durz_follower.esp
dushnamub_099,base
duunrik_archisse_generic,br0sBeastRacesOfSkyrimCompilationV3.esp
dynara_76C,ETaC – Complete.esp | ETaC – Riverwood.esp
east_empire_dockmaster_81F,base
east_empire_dockworker_5ED,base
east_empire_dockworker_5EE,base
east_empire_mercenary_generic,base
east_empire_warden_generic,base
eats-only-soup_generic,1B04ExtraNPCs.esp
ebony_warrior_CC9,base
edda_A8D,base
eddvia_jucani_F1F,BSHeartland.esm
eden_generic,EdenFollowerHP.esp
edith_7B0,base
edla_FC0,base
edorfin_generic,base
edwarin_15D,BSHeartland.esm
edwayne_1D5,3DNPC.esp
eerika_generic,Eerika.esp
eestla_83D,Chronicon Follower Pack I.esp
efram_04E,3DNPC.esp
eila_0D1,Immersive Wenches.esp
eileen_generic,Eileen.esp
eilonwy_generic,Aymarandfriends.esp
eimar_978,base
einarth_6B5,base
einvard_the_pathfinder_A30,Immersive Encounters.esp
eirid_18F,base
eirwen_generic,acpanda Follower Pack.esp
eisa_blackthorn_01B,base
eitra_generic,Follower Fever.esp
ejya_sunset-blade_B08,LotsPaidMercs.esp
ela_generic,base
elana_darkfire_81A,NWS_Elana.esp
elandra_firan_D96,LotsPaidMercs.esp
elanneh_91E,Immersive Wenches.esp
elberond_BCC,BecomeKingofSkyrimTNG.esp
elda_early-dawn_118,base
eldar_212,3DNPC.esp
eldawyn_EF4,3DNPC.esp
elder_othreloth_28B,base
eldis_23F,BecomeKingofSkyrimTNG.esp
eleanor_2A6,3DNPC.esp
electromancer_generic,base
elenthil_ED5,3DNPC.esp
elenwen_8BC,base
elfrun_198,Inconsequential NPCs.esp
elfwyn_generic,Mistborn.esp
elgrim_DFB,base
elikke_generic,Elikke_follower.esp
elinor_F40,Harem Volume IV.esp
elintius_rentilia_0F2,BSHeartland.esm
elira_950,Immersive Wenches.esp
elise_629,3DNPC.esp
elisif_the_fair_8C1,base
elle_generic,Tavern Girls.esp
ellen_generic,Naughty Girls of Tamriel SSE AIO.esp
ellina_iron-heart_A30,BSHeartland.esm
elmus_51B,base
eloe_loran_490,LotsPaidMercs.esp
elora_generic,Elora.esp
elrindir_681,base
elrynn_generic,TrustyHPFollowerPack.esp
elserida_boar-eye_generic,Traveling Merchant Caravans.esp
elsif_3DD,Immersive Followers.esp
eltrys_8FD,base
elvali_veren_DC0,base
elynea_mothren_7DC,base
elyse_generic,ElyseFollowerHP.esp | ElyseFollowerSE.esp
embry_50C,base
emelia_celata_1FE,ETaC – Complete.esp | ETaC – Karthwasten.esp
emperor_titus_mede_ii_A39,base
emperor_titus_mede_ii_CCB,base
ena_EED,Dawn of Skyrim.esp
encarnus_9D5,BSHeartland.esm
enchanter_brecius_68D,BSHeartland.esm
endarie_8AD,base
endon_8F1,base
endrast_3F2,base
engar_E0C,base
enlir_ninzur_82C,LotsPaidMercs.esp
enmon_935,base
ennis_B2B,base
ennoc_9B5,base
ennodius_papius_04A,base
enthir_1AA,base
enthralled_wizard_927,base
enthralled_wizard_96F,base
enya_94E,Immersive Wenches.esp
eola_B8E,base
eomir_generic,Mistborn.esp
eorlund_gray-mane_683,base
eran_BE2,Dawn of Skyrim.esp
erandur_280,base
eranir_580,BSHeartland.esm
erarik_0AB,ETaC – Complete.esp | ETaC – Kynesgrove.esp
erden_relvel_B31,base
erdi_8C7,base
ereia_snow-fist_95C,BSHeartland.esm
erena_generic,CampNewZainab.esp
erevan_1EC,3DNPC.esp
eriana_BC5,base
eridor_generic,base
erik_0B8,base
erik_the_slayer_6E2,base
erika_generic,Harem - Volume 3.esp
erikur_8A9,base
erikur_s_servant_781,Inconsequential NPCs.esp
erin_39A,AsharaErinFollower.esp
eris_526,base
eris_strong-sword_generic,base
erisara_camal_generic,Naz_Erisara.esp
erith_9B4,base
erivase_542,FloatingSwordFollower.esp
erj_857,base
erlendr_C09,base
erlus_risula_B7F,BSHeartland.esm
ernaon_generic,Traveling Merchant Caravans.esp
errika_generic,TrustyHPFollowerPack.esp
ersilia_generic,ErsiliaFollower.esp
ertius_malumea_F24,BSHeartland.esm
ertzebet_the_librarian_s_assistant_D6D,LegacyoftheDragonborn.esm
erver_milo_B12,Project AHO.esm
erwen_101,3DNPC.esp
eryniel_928,ErynielElfSSE.esp
eryniel_s_niece_ialthel_65A,base
eryniel_s_uncle_loborchanar_65A,base
esbern_DFD,base
escaped_prisoner_generic,base
esera_ghanit_generic,br0sBeastRacesOfSkyrimCompilationV3.esp
esileif_C34,Inconsequential NPCs.esp
esme_generic,Mistborn.esp
esmond_tyne_D3A,base
estella_generic,GirlsJV.esp
ester_generic,Harem.esp
estormo_D98,base
estyon_generic,OCW_Obscure's_CollegeofWinterhold.esp
ethlam_dorayon_generic,Solitude Docks.esp
etienne_rarnis_1D6,base
evelyna_4B2,Immersive Encounters.esp
evelyna_59D,Immersive Encounters.esp
evelyna_generic,base
evette_san_8B3,base
evigna_raven-hand_A79,Environs - Abandoned Abodes.esp
evos_mils_E16,Project AHO.esm
evul_seloth_D12,base
eydis_53F,base
eydis_9CF,base
ezra_3B4,LegacyoftheDragonborn.esm
fa_nar_89C,3DNPC.esp
fabia_generic,Harem.esp
fadel_B57,BSHeartland.esm
faelian_generic,Aymarandfriends.esp
faendal_48C,base
faera_losse_generic,br0sBeastRacesOfSkyrimCompilationV3.esp
faida_A29,base
fairelle_B77,LotsPaidMercs.esp
falas_selvayn_861,base
faldrus_generic,base
faleen_905,base
falion_A5E,base
falk_firebeard_8C2,base
falkreath_guard_generic,base
falmer_servant_generic,base
falvis_E63,Helgen Reborn.esp
fanari_strong-voice_FCF,base
faralda_1A5,base
farathel_generic,1B04ExtraNPCs.esp
fareloth_7C1,3DNPC.esp
farengar_secret-fire_67E,base
farkas_693,base
farsvar_0F6,BSHeartland.esm
faryl_atheron_125,base
fastred_E06,base
fathenda_E4B,cutting room floor.esp
fauna_generic,Fauna.esp
fausta_generic,Harem Volume IV.esp
fauvette_generic,TTR Fauvette.esp
federica_307,Harem 2 AIO Armored.esp
feldi_F35,3DNPC.esp
felena_CBC,3DNPC.esp
felicia_CF3,Harem 2 AIO Armored.esp
felki_silver-plow_17D,BSHeartland.esm
felldir_the_old_A05,base
fellow_prisoner_generic,base
felsa_morvayn_6DA,Project AHO.esm
female_imperial_captain_4F7,base
female_peddler_generic,base
fenrig_288,base
fenrir_6D6,Winterhold Restored.esp
feral_vampire_BAE,base
feran_sadri_3AA,base
fernand_mouring_generic,br0sBeastRacesOfSkyrimCompilationV3.esp
ferrum_27E,Dawn of Skyrim.esp
fervas_sirduin_D99,LotsPaidMercs.esp
ferwen_F49,PAN_FollowerPack1.esp
festus_krex_4BB,base
fethis_alor_293,base
fiammetta_generic,Harem Volume IV.esp
fianna_6E2,base
fig_CA7,3DNPC.esp
figga_generic,Figga Nyr - Follower.esp
fihada_8B1,base
fijeh_826,base
filnjar_E09,base
fire_mage_adept_generic,base
fire_mage_generic,base
fire_wizard_generic,base
firir_703,base
fironet_825,3DNPC.esp
first_mate_F36,base
fish_monger_C8B,Inconsequential NPCs.esp
fisherman_generic,base
fjola_0B5,base
fjolnir_086,Winterhold Restored.esp
fjolrich_flame-soul_7F4,LotsPaidMercs.esp
fjona_951,3DNPC.esp
fjona_s_familiar_61F,3DNPC.esp
fjord_C76,3DNPC.esp
fjori_726,base
fjorstaag_fire-eater_55B,LotsPaidMercs.esp
fjotra_82D,base
flin_horstad_8D8,3DNPC.esp
florence_generic,Harem - Volume 3.esp
florentius_baenius_476,base
fontaine_C67,3DNPC.esp
foreign_envoy_9D7,Inconsequential NPCs.esp
foreign_envoy_C80,Inconsequential NPCs.esp
foroch_yellowleaf_A56,LotsPaidMercs.esp
foromir_0BF,3DNPC.esp
forsworn_briarheart_generic,base
forsworn_forager_generic,base
forsworn_generic,base
forsworn_looter_generic,base
forsworn_pillager_generic,base
forsworn_ravager_generic,base
forsworn_shaman_generic,base
forsworn_warlord_generic,base
fort_commander_generic,base
fort_pale_pass_quartermaster_495,BSHeartland.esm
frabbi_8ED,base
fralia_gray-mane_684,base
francine_armonet_84B,LotsPaidMercs.esp
francis_generic,3DNPC.esp
francois_beaufort_DE6,base
frea_A0D,base
fredrika_generic,Fredrika Follower.esp
freir_8A6,base
freja_C49,Apachii_DivineEleganceStore.esm
freki_DA3,Winterhold Restored.esp
freya_2D7,FreyaFollower.esp
freya_generic,base
freya_gray-mane_F4A,PAN_FollowerPack1.esp
freyja_08B,Winterhold Restored.esp
freyr_084,Winterhold Restored.esp
frida_6B5,base
fridrika_8D6,base
frieda_AA7,ETaC – Complete.esp | ETaC – Dawnstar.esp
frigga_generic,wanderingskyrim.esp
frightened_woman_generic,base
frik_525,3DNPC.esp
froa_328,cutting room floor.esp
froa_88B,3DNPC.esp
frodmar_954,3DNPC.esp
frodnar_48B,base
frofnir_trollsbane_8AC,base
froki_whetted-blade_5F5,base
from-deepest-fathoms_DE2,base
fron_93D,Environs - Abandoned Abodes.esp
frorkmar_banner-torn_generic,base
frost_E1F,base
frothar_679,base
fruki_6C5,base
fruna_generic,Traveling Merchant Caravans.esp
fugitive_thief_generic,base
fuki_F34,3DNPC.esp
fulla_FE7,Winterhold Restored.esp
fulmine_kriegheit_generic,base
fultheim_28B,base
fultheim_the_fearless_3F1,base
fura_bloodmouth_3B2,base
furrier_EBF,Inconsequential NPCs.esp
gabania_generic,3DNPC.esp
gabriella_DEB,base
gadba_gro-largash_09B,base
gadnor_B59,base
gaius_maro_051,base
galarynn_A4D,BSHeartland.esm
galathil_979,base
galdrus_hlervu_28D,base
gallus_2D2,base
galmar_stone-fist_133,base
galmir_tralan_86A,LotsPaidMercs.esp
galsa_rendo_9EF,Project AHO.esm
galtius_B11,base
gambler_generic,base
gancielo_D49,3DNPC.esp
ganglati_DDE,Winterhold Restored.esp
ganglot_DDF,Winterhold Restored.esp
ganna_uriel_089,base
garakh_E1D,base
garan_marethi_3AB,base
garceus_avoci_95F,BSHeartland.esm
garen_generic,wanderingskyrim.esp
garrett_42F,AnnaNPCs.esp
garrett_generic,3DNPC.esp
garthar_084,base
garthe_BD6,3DNPC.esp
garvey_704,base
garyn_ienth_2A0,base
gaston_bellefort_3B9,base
gat_gro-shargakh_9B8,base
gauldur_EDB,base
gautierre_manor_guard_8A0,BSHeartland.esm
gautierre_manor_guard_8A2,BSHeartland.esm
gavros_plinius_D2F,base
geeat_generic,Traveling Merchant Caravans.esp
geel-jah_7F1,3DNPC.esp
geimund_8D5,base
geirlund_generic,base
geldis_sadri_291,base
gelebros_83F,base
gemma_uriel_08A,base
general_falx_carius_57A,base
general_tullius_8BA,base
geralt_warfield_generic,br0sBeastRacesOfSkyrimCompilationV3.esp
gerda_6E1,base
gerdr_085,Winterhold Restored.esp
gerdur_489,base
gergus_malumea_FD6,BSHeartland.esm
gerrod_30C,3DNPC.esp
gerta_bear-biter_generic,1B04ExtraNPCs.esp
gerta_generic,Solitude Docks.esp
gervasia_generic,Harem - Volume 3.esp
gestur_rockbreaker_A55,base
ghak_8C3,base
ghamorz_8CD,base
gharol_92B,base
ghorbash_the_iron_hand_930,base
ghorlak_stonefist_6D8,BecomeKingofSkyrimTNG.esp
ghorza_gra-bagol_906,base
ghost_of_old_hroldan_1A3,base
ghunzul_835,base
gian_the_fist_063,base
gianna_CC4,base
gianna_petrus_D4D,ETaC – Complete.esp | ETaC – Dawnstar.esp
gilda_generic,Naz_GuildVol2.esp
gilen_279,Dawn of Skyrim.esp
gilfre_1FC,base
gilsi_7B5,3DNPC.esp
ginerva_436,Dawn of Skyrim.esp
ginevra_generic,Harem.esp
ginna_A64,Inconsequential NPCs.esp
ginvur_nedalin_generic,HammetDungeon01.esm
giorgia_generic,Naughty Girls of Tamriel SSE AIO.esp
giovanna_generic,Harem Volume IV.esp
giraud_gemane_8CE,base
girduin_DC1,base
gisli_8B5,base
gissur_F24,base
giuditta_generic,Harem.esp
giulio_931,AnnaNPCs.esp
gizelle_75E,AnnaNPCs.esp
gjak_6DB,base
gjalund_salt-sage_2AF,base
gjuk_26C,base
gladius_ferrus_generic,br0sBeastRacesOfSkyrimCompilationV3.esp
glathriel_6F1,3DNPC.esp
gloth_929,base
glover_mallory_28F,base
gnives_FEC,3DNPC.esp
godrod_C09,3DNPC.esp
golldir_360,base
gonnar_oath-giver_DDB,base
gorakh_generic,1B04ExtraNPCs.esp
gorm_A69,base
gormlaith_golden-hilt_9F8,base
gorr_6E7,3DNPC.esp
gort_856,base
gralnach_E10,base
graloth_the_drunk_7F8,LotsPaidMercs.esp
gray-mane_servant_B9D,Inconsequential NPCs.esp
gregor_21F,base
grelka_0B3,base
grelod_the_kind_DE4,base
grenier_41B,3DNPC.esp
greta_637,base
gretolde_912,College Of Winterhold - Quest Expansion.esp
griefstricken_chef_31E,base
griffith_08A,3DNPC.esp
grim_shieldmaiden_31B,base
grimvar_cruel-sea_12D,base
grisha_generic,MVC Jaylen Follower Pack.esp
grisvar_the_unlucky_917,base
griswort_generic,WanderingFollowers1.1.esp
gro-skulla_generic,WanderingFollowers1.1.esp
grogmar_gro-burzag_E0E,base
gromash_F5A,3DNPC.esp
grommock_generic,wanderingskyrim.esp
grosta_E0F,base
groundskeeper_vaktis_generic,ICNs_ImmersiveCollegeNPCs.esp
grown-up_urchin_24C,base
grushnag_837,base
grushnag_gro-arkul_84F,BSHeartland.esm
grutak_the_barbarian_40F,LotsPaidMercs.esp
gryfard_peton_09E,BSHeartland.esm
guardian_saerek_25A,base
guardsman_fringar_generic,BattleBrothers.esp
guardsman_horulf_generic,BattleBrothers.esp
guardsman_leilof_generic,BattleBrothers.esp
guardsman_vilkhelm_generic,BattleBrothers.esp
gul_8CB,base
gularzob_E21,base
gullveig_8FF,Winterhold Restored.esp
gulum-ei_8B7,base
gunding_77C,base
gunjar_139,base
gunmar_477,base
gunnar_stone-eye_F96,base
guthrum_24A,base
gwendolyn_931,base
gwilin_AB2,base
gwynyvyra_rane_F2A,LotsPaidMercs.esp
gwyvane_600,3DNPC.esp
haafingar_guard_generic,base
haakhor_858,BecomeKingofSkyrimTNG.esp
haakig_hard-heart_generic,Solitude Docks.esp
haakon_iron-fist_979,3DNPC.esp
hadir_generic,wanderingskyrim.esp
hadrian_quintus_FDC,BecomeKingofSkyrimTNG.esp
hadring_05A,base
hadvar_FA2,base
haelga_DDA,base
haema_BD0,BecomeKingofSkyrimTNG.esp
haesmar_pine-heart_generic,1B04ExtraNPCs.esp
haesorn_generic,Traveling Merchant Caravans.esp
hafjorg_DFC,base
hafnar_ice-fist_DC2,base
hagbar_154,ETaC – Complete.esp | ETaC – Karthwasten.esp
hagrad_the_unending_D9A,Dawn of Skyrim.esp
hagraven_generic,base
hagravi_gray-wave_8C4,3DNPC.esp
haj-meer_E78,Immersive Followers.esp
hajvarr_iron-hand_B20,base
hakon_one-eye_A06,base
halbarn_iron-fur_51D,base
halcar_F80,3DNPC.esp
haldyn_447,base
hali_nyr_generic,Hali Nyr - Follower.esp
halion_generic,base
halldir_2C0,base
halldis_0E9,Inconsequential NPCs.esp
halwyn_3B2,Inconsequential NPCs.esp
hamal_766,base
hamdr_wine-brand_generic,Traveling Merchant Caravans.esp
hamelyn_050,base
haming_29E,base
hana_generic,HanaFollower.esp
harald_934,base
harald_burdsson_D70,BSHeartland.esm
haran_18E,base
harlaug_853,base
harrald_DEB,base
harran_iron-heart_15A,BSHeartland.esm
harrok_oxfell_generic,br0sBeastRacesOfSkyrimCompilationV3.esp
harthir_97F,BSHeartland.esm
haru_0DF,Immersive Wenches.esp
hasara_generic,Milfactory Hasara.esp
hathrasil_8FB,base
headless_horseman_generic,base
headsman_-_nord_generic,base
heaga_gold-will_7F1,LotsPaidMercs.esp
heather_generic,base
heddic_volunnar_D97,base
hefid_the_deaf_00F,base
heidi_BE4,Immersive Wenches.esp
heidi_generic,TTR Heidi.esp
heigen_F5F,cutting room floor.esp
heime_CED,Winterhold Restored.esp
heimskar_green-leaf_7FB,LotsPaidMercs.esp
heimskr_682,base
heimvar_8C4,base
heirmir_B29,CFTO.esp
hel_DD8,Winterhold Restored.esp
hela_D76,fantasystylefollowers.esp
helcyon_D7A,3DNPC.esp
helfhild_93C,Environs - Abandoned Abodes.esp
helgird_11E,base
helgrun_generic,Solitude Docks.esp
hellia_2D7,ETaC – Complete.esp | ETaC – Kynesgrove.esp
heloise_generic,Harem Volume IV.esp
helsig_2F0,3DNPC.esp
helvard_824,base
hemming_black-briar_DD2,base
henrietta_entius_291,3DNPC.esp
henrik_B7F,base
henry_543,LegacyoftheDragonborn.esm
heratar_5BD,base
herbalist_C29,BSHeartland.esm
herebane_sorenshield_generic,base
herger_generic,wanderingskyrim.esp
herkja_96E,base
herluin_lothaire_9E8,base
hermaeus_mora_generic,base
hermir_strong-heart_136,base
hern_82E,base
herna_9CF,Immersive Wenches.esp
hero_of_sovngarde_FFE,base
herran_AE9,3DNPC.esp
hert_82F,base
hervor_CEB,Winterhold Restored.esp
hestla_3AC,base
hewnon_black-skeever_002,base
high_elf_76A,Inconsequential NPCs.esp
high_elf_76B,Inconsequential NPCs.esp
hiko_tanzaki_generic,base
hilda_generic,Solitude Docks.esp
hilde_534,base
hillevi_cruel-sea_12E,base
hilund_516,base
hiram_E3E,3DNPC.esp
hircine_B97,base
hired_thug_generic,base
hitomi_generic,Nyrified Akavir - Followers.esp
hjaalmarch_guard_81A,base
hjalfar_10E,base
hjara_703,FreyaFollower.esp
hjordis_9CB,base
hjorik_626,ETaC – Complete.esp | ETaC – Dawnstar.esp
hjornskar_head-smasher_CEC,base
hjoromir_FEA,3DNPC.esp
hjorunn_8AA,base
hjotra_faleria_A44,BSHeartland.esm
hod_48A,base
hoddreid_5BB,base
hofgrir_horse-crusher_DFE,base
hogni_red-arm_4AD,base
hokdulf_the_long-sighted_generic,Traveling Merchant Caravans.esp
holgeir_727,base
hooded_traveler_generic,base
horgeir_A1E,base
horik_halfhand_6BA,base
horm_8D7,base
horora_generic,xn_horora.esp
hradi_D48,ETaC – Complete.esp | ETaC – Dawnstar.esp
hrefna_08F,base
hreinn_8EF,base
hreira_generic,Solitude Docks.esp
hrimfaxi_256,Winterhold Restored.esp
hroar_DE9,base
hrodulf_88C,base
hroggar_A5D,base
hroki_8EE,base
hrokkar_63C,3DNPC.esp
hrolmir_generic,base
hrongar_678,base
hrotmar_generic,Solitude Docks.esp
huki_seven-swords_generic,base
hukide_generic,Traveling Merchant Caravans.esp
hulda_66E,base
hulgar_0D5,BecomeKingofSkyrimTNG.esp
hulgard_110,BSHeartland.esm
hunroor_C0C,base
hunter_generic,base
huurweyn_brightstar_6A8,LotsPaidMercs.esp
iaso_generic,IasoFollower.esp
ice-veins_gerda_generic,CampVarglya.esp
ice_mage_adept_generic,base
ice_mage_generic,base
ice_wizard_generic,base
iddli_iron-blood_8CE,cutting room floor.esp
iddra_085,base
idesa_sadri_12F,base
idgrod_ravencrone_A66,base
idgrod_the_younger_A67,base
idolaf_battle-born_689,base
idros_uvaram_CF7,LotsPaidMercs.esp
igmund_903,base
ignar_the_lucky_4E9,3DNPC.esp
ignatius_150,3DNPC.esp
igrit_B15,base
ila_the_upright_115,BSHeartland.esm
ilas-tei_617,base
ildari_sarothril_B87,base
ilfhild_0AC,ETaC – Complete.esp | ETaC – Kynesgrove.esp
illdi_8D1,base
illea_juniper_generic,br0sBeastRacesOfSkyrimCompilationV3.esp
illia_22E,base
ilta_generic,SR Elf Followers.esp
imani_generic,Harem - Volume 3.esp
imedhnain_8EB,base
imeta_the_swan_D6A,LotsPaidMercs.esp
imperial_archer_generic,base
imperial_captain_generic,base
imperial_courier_generic,base
imperial_deserter_D23,base
imperial_general_generic,base
imperial_guard_generic,base
imperial_mage_generic,base
imperial_officer_generic,base
imperial_quartermaster_generic,base
imperial_soldier_1CB,base
imperial_soldier_1CF,base
imperial_soldier_1D9,base
imperial_soldier_1DB,base
imperial_soldier_2B9,base
imperial_soldier_4A8,base
imperial_soldier_4AD,base
imperial_soldier_657,base
imperial_soldier_693,base
imperial_soldier_6C3,base
imperial_soldier_6D7,base
imperial_soldier_75D,base
imperial_soldier_7F7,base
imperial_soldier_7FB,base
imperial_soldier_919,base
imperial_soldier_91E,base
imperial_soldier_A60,base
imperial_soldier_A88,base
imperial_soldier_B85,base
imperial_soldier_D5B,base
imperial_soldier_E70,base
imperial_soldier_E73,base
imperial_soldier_E74,base
imperial_soldier_E93,base
imperial_soldier_EE3,base
imperial_soldier_EEC,base
imperial_soldier_EEE,base
imperial_soldier_generic,base
imperial_soldier_impersonator_-_breton_generic,base
imperial_soldier_impersonator_-_dunmer_generic,base
imperial_soldier_impersonator_-_orc_generic,base
imperial_wizard_generic,base
ina_generic,KuroneFollowers.esp
inari_6C9,3DNPC.esp
indaen_assutlanipal_generic,CampNewZainab.esp
indara_caerellia_819,base
indaryn_DCE,base
indolent_farmer_31C,base
indreth_BCE,BecomeKingofSkyrimTNG.esp
ines_generic,Harem Volume IV.esp
inga_FA8,Dawn of Skyrim.esp
ingarte_873,3DNPC.esp
inge_six_fingers_8CD,base
ingjard_C17,base
ingrid_F9A,base
ingun_black-briar_DD4,base
inigo_AE9,Inigo.esp
inilian_sibentanus_generic,Traveling Merchant Caravans.esp
insane_college_wizard_generic,base
ioan_93C,Chronicon Follower Pack I.esp
iona_C93,base
ionalla_dark-heart_581,BSHeartland.esm
iorel_50C,3DNPC.esp
irene_845,Harem 2 AIO Armored.esp
irgnir_6BB,base
iria_29B,3DNPC.esp
irileth_67F,base
irina_2E6,Bosmer.esp
irina_3EA,Mayatola Unique Followers AIO.esp
iris_the_elder_B9E,3DNPC.esp
irlof_26B,base
irma_generic,base
irnskar_ironhand_8C0,base
ironheart_cave_barkeep_438,3DNPC.esp
ironheart_cave_bouncer_655,3DNPC.esp
ironheart_cave_patron_434,3DNPC.esp
ironheart_cave_patron_436,3DNPC.esp
ironheart_cave_wench_62B,3DNPC.esp
ironheart_cave_wench_73B,3DNPC.esp
ironheart_cave_wench_872,3DNPC.esp
isabel_814,GirlsJV.esp
isabella_generic,Solitude Docks.esp
isabelle_rolaine_EAF,base
isaki_generic,SR Elf Followers.esp
ises_D0C,3DNPC.esp
isgerdr_57C,ETaC – Complete.esp | ETaC – Riverwood.esp
ishana_3EC,Mayatola Unique Followers AIO.esp
isobel_322,3DNPC.esp
isorara_pontudilius_generic,Traveling Merchant Caravans.esp
isran_478,base
istar_cairn-breaker_F93,base
itinerant_lumberjack_310,base
ivan_iron-fist_generic,Solitude Docks.esp
ivarstead_guard_generic,base
ivy_generic,IvyFollowerHP.esp
izumi_generic,Harem Volume IV.esp
j_darr_F99,base
j_datharr_generic,base
j_kara_generic,1B04ExtraNPCs.esp
j_kier_BC6,base
j_sharr_generic,3DNPC.esp
j_zargo_1A3,base
j_zhar_0FC,base
j_zir-dar_F81,LotsPaidMercs.esp
jada_9DF,Immersive Wenches.esp
jade_B74,3DNPC.esp
jade_generic,3DNPC.esp
jadro_ra_generic,3DNPC.esp
jai_2E7,Bosmer.esp
jailer_4A4,BSHeartland.esm
jaina_249,fantasystylefollowers.esp
jala_8AF,base
jamila_D2B,Harem 2 AIO Armored.esp
jane_101,Immersive Wenches.esp
janne_CFC,fantasystylefollowers.esp
janus_mentedius_639,ETaC – Complete.esp | ETaC – Rorikstead.esp
japhet_3D7,base
jaree-ra_8B9,base
jarl_siddgeir_822,base
jarl_skald_6C0,base
jarl_ulfric_stormcloak_131,base
jaryra_07B,Immersive Wenches.esp
jaspar_gaerston_754,3DNPC.esp
jawanan_8B2,base
jayri_8B9,base
jaysen_824,3DNPC.esp
jee-shei_9BC,LotsPaidMercs.esp
jee-tah_72A,ETaC – Complete.esp | ETaC – Morthal.esp
jeer-tai_69D,Dawn of Skyrim.esp
jeerah-nur_5DC,3DNPC.esp
jeeta_generic,Jeeta.esp
jen_generic,MXTJen.esp
jenassa_BA9,base
jeniele_DA2,3DNPC.esp
jennifer_generic,Jennifer_follower.esp
jens_EBE,cutting room floor.esp
jerrin_540,LegacyoftheDragonborn.esm
jerthod_generic,WanderingFollowers1.1.esp
jerulith_F62,3DNPC.esp
jervar_69E,base
jesper_A53,base
jessica_CFB,fantasystylefollowers.esp
jilkmar_5FB,3DNPC.esp
jill_D3F,Harem 2 AIO Armored.esp
jill_generic,Jill Nyr - Follower.esp
jiub_01A,base
jo_zirkar_EEE,LotsPaidMercs.esp
joanne_B36,Immersive Wenches.esp
jod_6C1,base
jodie_generic,Harem - Volume 3.esp
jofthor_E04,base
johan_E51,Helgen Reborn.esp
johanna_generic,base
jolene_2AC,3DNPC.esp
jolf_99E,base
jollsen_F0C,CFTO.esp
jon_battle-born_68A,base
jonas_giant-bane_generic,3DNPC.esp
joncis_e62,Helgen Reborn.esp
jonna_A62,base
jonquil_939,base
jora_11F,base
jorandia_vlinarus_generic,1B04ExtraNPCs.esp
jordis_the_sword-maiden_C95,base
jorgen_A60,base
jorgir_steel-shield_generic,base
joric_A6A,base
jorleif_134,base
jorm_generic,Solitude Docks.esp
jormungandr_485,Winterhold Restored.esp
jorn_8CF,base
jorrvid_A5F,3DNPC.esp
jorunn_generic,Jorunn.esp
joselyn_F07,3DNPC.esp
josla_835,base
jouane_manette_6A7,base
julia_generic,Harem.esp
julie_generic,Julie_follower.esp
julienne_lylvieve_F13,base
juliette_generic,Juliette_follower.esp
jun_generic,Harem - Volume 3.esp
juni_generic,base
jurgen_windcaller_FFD,base
jurgens_e64,Helgen Reborn.esp
jurie_larassier_generic,br0sBeastRacesOfSkyrimCompilationV3.esp
juryk_8D8,3DNPC.esp
jyrik_gauldurson_generic,base
k_avald_540,3DNPC.esp
k_inya_generic,Miqo'te Follower.esp
k_nerunya_generic,Miqo'te Follower.esp
k_nomunya_generic,Miqo'te Follower.esp
kaadi_generic,FFNords.esp
kacie_generic,Harem - Volume 3.esp
kael_generic,base
kahanne_072,Immersive Wenches.esp
kai_wet-pommel_E16,base
kaidan_F9C,0Kaidan.esp
kaie_D4C,base
kak_thu_generic,Kak'Thu Follower.esp
kalel_the_black_fox_23E,BecomeKingofSkyrimTNG.esp
kali_3EB,Mayatola Unique Followers AIO.esp
kalimbria_9CE,BSHeartland.esm
kalstar_BD8,3DNPC.esp
kamille_generic,Kamille.esp
kara_delight_06D,MistySkye.esp
karbin_gralle_generic,br0sBeastRacesOfSkyrimCompilationV3.esp
karin_generic,KarinFollowerHP.esp | KarinFollowerSE.esp
karita_07E,base
karita_6C7,base
karl_6BC,base
karliah_F1A,base
kasnean_generic,Traveling Merchant Caravans.esp
kassandra_atarax_B97,OCW_Obscure's_CollegeofWinterhold.esp
katana_requested_removed_by_author_generic,base
katherine_goldenheart_generic,base
katla_8D9,base
katria_754,base
kauanne_generic,Harem Volume IV.esp
kayd_8CA,base
kayla_grunzwald_generic,base
kayle_generic,V_Kayle.esp
keeper_carcette_B2B,base
keerava_DC8,base
keiko_D6B,Immersive Followers.esp
keira_generic,KeiraFollowerHP.esp
keisuke_933,Chronicon Follower Pack I.esp
kelly_generic,Naughty Girls of Tamriel SSE AIO.esp
kels_generic,base
kematu_856,base
kerah_8F2,base
kerannah_0DB,Immersive Wenches.esp
kesh_the_clean_98C,base
khaani_generic,1B04ExtraNPCs.esp
khafrus_AA3,ETaC – Complete.esp | ETaC – Dawnstar.esp
kharag_gro-shurkul_8AB,base
kharjo_92D,base
khayla_33F,base
khinara_jade_generic,Khinara Jade.esp
ki_83F,Chronicon Follower Pack I.esp
kiahrah_277,fantasystylefollowers.esp
kianna_770,3DNPC.esp
kibell_220,base
kilthinius_dandoril_34A,BUVARP SE RE.esp
king_olaf_one-eye_864,base
kirginia_0E4,Immersive Wenches.esp
kirginne_F11,Immersive Wenches.esp
kirsikka_generic,SR Elf Followers.esp
kitty_misa_807,Demon Cat Follower.esp
kjar_7A9,base
kjarik_generic,1B04ExtraNPCs.esp
kjeld_086,base
kjeld_the_younger_087,base
kjen_363,3DNPC.esp
kjoli_6C7,3DNPC.esp
klarissa_generic,TrustyHPFollowerPack.esp
klemandra_generic,MONSTERaider - Beast Followers.esp
kleppr_8EC,base
klimmek_E07,base
knight-paladin_gelebor_878,base
knight_elyndra_063,AnnaNPCs.esp
knjakr_002,base
knud_8DB,base
kodal_fenrariksen_generic,Traveling Merchant Caravans.esp
kodlak_whitemane_68F,base
kodrir_6D4,base
koemia_388,k404Koemia.esp
kolbjorn_guard_9C4,base
kolbjorn_guard_B03,base
kolbjorn_guard_generic,base
korir_1B5,base
kornalus_BE0,base
korrilan_0BF,3DNPC.esp
korsi_salril_generic,1B04ExtraNPCs.esp
korslik_strong-arm_096,LotsPaidMercs.esp
korsta_the_quiet_generic,Solitude Docks.esp
kottir_red-shoal_DD6,base
krag_84D,base
kraldar_190,base
kreda_elkind_2C7,LotsPaidMercs.esp
krev_the_skinner_16D,base
krillo_787,3DNPC.esp
krissa_9E8,Immersive Wenches.esp
krosis_A48,base
kuovin_nrezalf_B19,Project AHO.esm
kurz-ei_72B,ETaC – Complete.esp | ETaC – Morthal.esp
kurzamul_gro-bagzul_generic,1B04ExtraNPCs.esp
kust_821,base
kuvar_519,base
kvenel_the_tongue_91C,base
kynesgrove_farmer_3EF,3DNPC.esp
kyr_7D0,base
kyra_D09,3DNPC.esp
kyra_generic,3DNPC.esp
kyre_oldenson_33D,LegacyoftheDragonborn.esm
kyre_oldenson_80B,LegacyoftheDragonborn.esm
kyre_oldenson_973,LegacyoftheDragonborn.esm
kyre_oldenson_EB1,LegacyoftheDragonborn.esm
kyrie_generic,KuroneFollowers.esp
laborer_2B6,Inconsequential NPCs.esp
laborer_558,Inconsequential NPCs.esp
laborer_693,Inconsequential NPCs.esp
laborer_D53,Inconsequential NPCs.esp
laborer_EBE,Inconsequential NPCs.esp
lacey_generic,LaceyFollowerSE.esp
lady_kathryn_F4B,PAN_FollowerPack1.esp
laelette_the_vampire_4A1,base
lagdu_generic,3DNPC.esp
laila_law-giver_DEA,base
lairah_FFB,BecomeKingofSkyrimTNG.esp
lajjan_C9F,3DNPC.esp
lallieth_generic,WanderingFollowers1.1.esp
lami_A61,base
lamia_F08,Immersive Wenches.esp
lamia_generic,KuroneFollowers.esp
lamki_84A,3DNPC.esp
lana_generic,LanaFollowerHP.esp
larina_395,base
larkspur_FEA,3DNPC.esp
lars_battle-born_68C,base
lash_gra-dushnikh_932,base
lassinia_iron-heart_A32,BSHeartland.esm
latoria_33C,LegacyoftheDragonborn.esm
latoria_80C,LegacyoftheDragonborn.esm
latoria_974,LegacyoftheDragonborn.esm
latoria_EB5,LegacyoftheDragonborn.esm
laura_D54,Harem 2 AIO Armored.esp
laurence_840,Chronicon Follower Pack I.esp
laxmi_F1C,Winterhold Restored.esp
lea_melran_generic,1B04ExtraNPCs.esp
legate_adventus_caesennius_DDF,base
legate_arilus_quenti_160,BSHeartland.esm
legate_centos_durius_B19,BSHeartland.esm
legate_constantius_tituleius_D5F,base
legate_emmanuel_admand_generic,base
legate_fasendil_045,base
legate_hrollod_532,base
legate_precilius_varro_CB5,BSHeartland.esm
legate_quentin_cipius_generic,base
legate_rikke_8BB,base
legate_sevan_telendas_048,base
legate_skulnar_F91,base
legate_taurinus_duilis_generic,base
leifan_478,3DNPC.esp
leifnarr_871,base
leifur_6D3,base
leigelf_6BD,base
leih_epocan_generic,Miqo'te Follower.esp
lekor_generic,WanderingFollowers1.1.esp
leleanna_ratena_A2B,Immersive Encounters.esp
lemkil_6AD,base
lenoril_7C4,ETaC – Complete.esp | ETaC – Dawnstar.esp
lentilus_batiatus_generic,ICNs_ImmersiveCollegeNPCs.esp
leo_15F,BSHeartland.esm
leona_D70,Immersive Followers.esp
leonara_arius_E06,base
leontius_salvius_262,base
leyathil_B1F,base
lia_generic,Tavern Girls.esp
liann_generic,FFNords.esp
libania_D66,Harem 2 AIO Armored.esp
licia_generic,Naughty Girls of Tamriel SSE AIO.esp
lielle_604,Immersive Wenches.esp
liesl_82C,base
liesl_generic,base
lieutenant_salvarus_B44,base
lightning_generic,LightningFollowerStandalone.esp
lilah_generic,LilahFollowerHP.esp | LilahFollowerLP.esp
lili_generic,KuroneFollowers.esp
lilia_2A2,fantasystylefollowers.esp
lilith_2D8,Mayatola Unique Followers AIO.esp
lillde_tale-seeker_generic,1B04ExtraNPCs.esp
lillith_maiden-loom_2B6,base
lilly_815,GirlsJV.esp
lily_1D1,Inconsequential NPCs.esp
linda_948,Immersive Wenches.esp
linda_D78,Harem 2 AIO Armored.esp
lindyth_323,Immersive Wenches.esp
linwe_67A,base
lion_242,fantasystylefollowers.esp
lisbet_8EA,base
lisella_AA2,ETaC – Complete.esp | ETaC – Dawnstar.esp
lisette_8A2,base
listens-to-letters_BE7,Dawn of Skyrim.esp
little_pelagius_838,base
livia_salvian_generic,LiviaFollower.esp
liviane_989,Immersive Wenches.esp
lleril_morvayn_27F,base
llevana_generic,Aymarandfriends.esp
llewellyn_the_nightingale_DEB,base
lleyara_91C,3DNPC.esp
llunela_oren_generic,base
load_dummy_generic,base
lob_E1F,base
lod_19F,base
lodi_637,base
lodvar_A23,base
logrolf_the_willful_8F3,base
loki_214,Apachii_DivineEleganceStore.esm
lokil_BF5,base
lokir_4FB,base
lond_6C6,base
lone_adventurer_BEF,base
lonely_hunter_generic,wanderingskyrim.esp
lord_harkon_BA8,base
lorenza_CE9,Harem Volume IV.esp
loriel_generic,wanderingskyrim.esp
lorna_542,LegacyoftheDragonborn.esm
lorne_3B4,3DNPC.esp
lortheim_120,base
lost_soul_generic,wanderingskyrim.esp
louis_letrush_DCA,base
louisa_820,base
love_generic,Tavern Girls.esp
lowlife_generic,base
lu_ah_al-skaven_35A,base
luaffyn_CB2,base
lucan_valerius_487,base
lucia_F5E,base
lucian_losse_generic,br0sBeastRacesOfSkyrimCompilationV3.esp
luciana_generic,Chronicon Follower Pack II.esp
lucien_flavius_91F,Lucien.esp
lucky_lorenz_F81,base
lucy_generic,LucyLiu.esp
luisa_generic,Harem Volume IV.esp
lulanne_91B,Immersive Wenches.esp
luna_generic,LunaFollowerHP.esp | LunaFollowerSE.esp
lund_BF6,base
lundvar_4E5,3DNPC.esp
lurbuk_A64,base
lydia_C94,base
lyell_ghattz_generic,br0sBeastRacesOfSkyrimCompilationV3.esp
lygrleid_6F7,base
lyne_980,Immersive Wenches.esp
lynea_C64,base
lynette_9D3,Immersive Wenches.esp
lynly_star-sung_E03,base
lynnette_desjardins_generic,TTR Lynette.esp
lynoit_generic,base
lyra_nightingale_0E0,AnnaNPCs.esp
lyrian_generic,Dunmer.esp
lyrik_87B,3DNPC.esp
lysandra_generic,TrustyHPFollowerPack.esp
lyssia_B4F,OrbOfDivines.esp
lyudmila_generic,Harem.esp
m_aiq_the_liar_0CB,base
m_kela_unbari_830,LotsPaidMercs.esp
m_rissi_generic,MrissiTailOfTroubles.esp
ma_dran_345,base
ma_jhad_344,base
ma_randru-jo_225,base
ma_rija_A1C,PAN_FollowerPack1.esp
ma_tasarr_5BC,base
ma_zaka_8AE,base
ma_zena_generic,MONSTERaider - Beast Followers.esp
mabrelle_953,Immersive Wenches.esp
madanach_916,base
madena_6C3,base
madesi_EA6,base
madman_generic,base
madras_33B,LegacyoftheDragonborn.esm
madras_80D,LegacyoftheDragonborn.esm
madras_975,LegacyoftheDragonborn.esm
madras_C2A,LegacyoftheDragonborn.esm
madwoman_generic,base
maelasi_ashumallit_generic,CampNewZainab.esp
mage_kersten_generic,CampVarglya.esp
mahk_8BF,base
maisa_generic,SR Elf Followers.esp
majni_9C2,base
makhel_abbas_generic,base
malacath_E17,base
malai_a_68E,AnnaNPCs.esp
malakai_53D,LegacyoftheDragonborn.esm
malborn_F46,base
male_peddler_generic,base
malerith_generic,TrustyHPFollowerPack.esp
malkoran_D87,base
malkus_D15,base
mallus_maccius_A8F,base
malthyr_elenil_129,base
malur_seloth_192,base
maluril_047,base
malyn_varen_AD5,base
mandyn_hlaalu_7FE,MoonAndStar_MAS.esp
mani_119,base
mannequin_942,3DNPC.esp
manuela_generic,FEpack2_followers.esp
manya_espinoza_generic,base
maramal_DD5,base
marauder_generic,base
marc_dufonte_generic,BSHeartland.esm
marcella_generic,Harem - Volume 3.esp
marcurio_986,base
mareen_nightthorn_F43,AnnaNPCs.esp
maren_35E,3DNPC.esp
maren_dwyn_9F9,Project AHO.esm
margot_D86,Harem 2 AIO Armored.esp
margret_8A9,base
maria_BE3,Immersive Wenches.esp
maria_D98,Harem 2 AIO Armored.esp
maria_generic,(SDZ21) Maria Follower.esp
marigoth_80E,3DNPC.esp
marina_B12,base
marina_generic,Harem.esp
marisa_generic,Follower Fever.esp
marisa_verendas_9DA,Project AHO.esm
marise_aravel_E14,base
markarth_city_guard_generic,base
markus_FB5,base
marla_5CD,ETaC – Complete.esp | ETaC – Morthal.esp
marlen_D16,Harem Volume IV.esp
marsus_e65,Helgen Reborn.esp
martina_felanis_493,LotsPaidMercs.esp
mary_jane_generic,TrustyHPFollowerPack.esp
masha_generic,Naughty Girls of Tamriel SSE AIO.esp
master_conjurer_generic,base
master_necromancer_generic,base
master_vampire_generic,base
mathies_81A,base
matlara_F99,base
matus_mico_generic,1B04ExtraNPCs.esp
maul_E26,base
maurice_jondrelle_606,base
maurizia_generic,Harem - Volume 3.esp
maven_black-briar_DD1,base
maven_s_bodyguard_DC6,Inconsequential NPCs.esp
maximian_axius_C9F,base
maxy_07C,Immersive Wenches.esp
maya_erathal_generic,LotsPaidMercs.esp
mazgak_generic,base
medeliu_hammar_79D,WheelsOfLull.esp
meden_maren_D17,base
medresi_dran_5B8,base
meeko_5EA,base
megara_requested_removed_by_author_generic,base
megumi_generic,MXTMegumi.esp
mehrunes_dagon_generic,base
mela_tilvur_8E3,Project AHO.esm
melana_the_maid_B18,DZ08_Melana.esp
melana_the_scarred_B18,base
melana_the_war_maiden_B18,base
melaran_638,base
melea_entius_7B4,3DNPC.esp
melka_0BB,base
melker_generic,ICNs_ImmersiveCollegeNPCs.esp
mena_936,base
merano_rendo_9F1,Project AHO.esm
mercenary_49D,Inconsequential NPCs.esp
mercenary_7D8,Inconsequential NPCs.esp
mercenary_8FE,Inconsequential NPCs.esp
mercenary_C14,Inconsequential NPCs.esp
mercer_frey_651,base
meresine_AB8,3DNPC.esp
meridia_4E0,base
merilar_rendas_5C7,base
merrienne_BBF,ETaC – Complete.esp | ETaC – Dawnstar.esp
mery_F15,Immersive Wenches.esp
meryth_halle_generic,br0sBeastRacesOfSkyrimCompilationV3.esp
methredhel_generic,Aymarandfriends.esp
meviri_generic,Follower Fever.esp
michel_lylvieve_A2F,base
michelle_9DA,Immersive Wenches.esp
michelle_generic,Harem.esp
midnabi_9E8,Project AHO.esm
mikael_671,base
mikaela_generic,Solitude Docks.esp
miki_generic,Chronicon Follower Pack II.esp
mikrul_gauldurson_generic,base
mila_valentia_676,base
milette_rikku_generic,LotsPaidMercs.esp
milliandris_generic,TrustyHPFollowerPack.esp
millisecond_llavados_CAB,WheelsOfLull.esp
millius_A48,base
milore_ienth_2A2,base
mim-nha_caleesion_generic,Traveling Merchant Caravans.esp
mimir_92A,Winterhold Restored.esp
min_cerafi_generic,br0sBeastRacesOfSkyrimCompilationV3.esp
minami_generic,Chronicon Follower Pack II.esp
minedhel_generic,Aymarandfriends.esp
minette_vinius_8A4,base
miniel_FCA,PAN_FollowerPack1.esp
minorne_824,base
minute_avarii_31A,WheelsOfLull.esp
mion_generic,MXTMion.esp
mion_uesugi_generic,Chronicon Follower Pack II.esp
mira_D72,Immersive Followers.esp
mira_durenni_176,LotsPaidMercs.esp
mira_s_skeleton_181,LotsPaidMercs.esp
mira_s_undead_mage_189,LotsPaidMercs.esp
mira_s_undead_mage_18B,LotsPaidMercs.esp
mira_s_undead_mage_18D,LotsPaidMercs.esp
miraak_B99,base
mirabel_generic,Naz_DOTD1.esp
mirabelle_ervine_1B9,base
miraette_A06,Immersive Wenches.esp
mirai_generic,base
miranda_816,GirlsJV.esp
miranda_E16,fantasystylefollowers.esp
miri_generic,Miri_Follower.esp
miria_329,Mayatola Unique Followers AIO.esp
mirich_ran_B3E,BSHeartland.esm
mirmulnir_6CA,base
miros_3C5,3DNPC.esp
mirri_severin_289,base
misaki_generic,Harem Volume IV.esp
misha_225,3DNPC.esp
mistwatch_bandit_generic,base
misty_331,fantasystylefollowers.esp
misty_skye_E61,MistySkye.esp
mithllon_925,Dawn of Skyrim.esp
mithorpa_nasyal_generic,base
mithra_generic,Mithra Nyr - Follower.esp
mithril_AC6,3DNPC.esp
mjoll_the_lioness_DF7,base
modhna_E53,base
mogdurz_8E0,base
mogrul_59B,base
mogrul_DF2,base
moira_B38,base
molag_bal_5EC,base
molgrom_twice-killed_DF5,base
mora_generic,Naz_DOTD1.esp
mordyctus_ephine_AC8,LotsPaidMercs.esp
morena_generic,Naughty Girls of Tamriel SSE AIO.esp
moric_sidrey_D16,base
moris_8C7,3DNPC.esp
morndas_EF9,3DNPC.esp
morrigan_08B,3DNPC.esp
morthal_guard_generic,base
morven_71A,base
morven_stroud_1F0,base
morviah_hlaalu_B7F,3DNPC.esp
morwen_FAC,base
moth_gro-bagol_A63,base
movarth_piquine_593,base
mowgrol_D0A,3DNPC.esp
mralki_6A8,base
mucky_ovacca_93E,BSHeartland.esm
mugnor_3ED,3DNPC.esp
mugumph_generic,Traveling Merchant Caravans.esp
muiri_8F8,base
mul_gro-largash_09C,base
mulgrom_D63,Immersive Followers.esp
mulush_gro-shugurz_8FF,base
muna_710,Harem Volume IV.esp
murbul_929,base
muril_generic,base
murob_BD1,BecomeKingofSkyrimTNG.esp
museum_guard_104,LegacyoftheDragonborn.esm
museum_guard_105,LegacyoftheDragonborn.esm
museum_guard_106,LegacyoftheDragonborn.esm
museum_guard_107,LegacyoftheDragonborn.esm
museum_guard_108,LegacyoftheDragonborn.esm
museum_guard_109,LegacyoftheDragonborn.esm
museum_guard_10A,LegacyoftheDragonborn.esm
museum_guard_10B,LegacyoftheDragonborn.esm
museum_guard_10C,LegacyoftheDragonborn.esm
museum_guard_10D,LegacyoftheDragonborn.esm
museum_guard_generic,LegacyoftheDragonborn.esm
mustikka_generic,SR Elf Followers.esp
myrna_generic,Harem Volume IV.esp
myrrin_generic,TrustyHPFollowerPack.esp
myrun_580,ETaC – Complete.esp | ETaC – Riverwood.esp
myvrana_giladren_generic,ICNs_ImmersiveCollegeNPCs.esp
mzetadata_D23,AnnaNPCs.esp
na_ir_192,3DNPC.esp
nadina_336,AnnaNPCs.esp
naenra_waerr_DFC,FloatingSwordFollower.esp
naglfar_0ED,Inconsequential NPCs.esp
nagrub_92E,base
nahagliiv_BB0,base
nair_s_client_3CF,3DNPC.esp
namasur_E54,base
nami_842,Chronicon Follower Pack I.esp
namira_98F,base
nana_ildene_8E9,base
nancy_generic,Harem Volume IV.esp
naoki_83C,Chronicon Follower Pack I.esp
narfi_E24,base
naris_mavani_D15,base
naris_the_wicked_7A5,base
narri_199,base
nasrin_7F6,3DNPC.esp
natalia_DAA,Chronicon Follower Pack I.esp
nathyn_tyraim_generic,1B04ExtraNPCs.esp
natilde_generic,FFNords.esp
natsumi_83B,Chronicon Follower Pack I.esp
nausicaa_DBE,Harem 2 AIO Armored.esp
nazeem_6A4,base
nazir_3AD,base
neala_generic,Harem.esp
necromage_generic,base
necromancer_adept_generic,base
neesei_508,BecomeKingofSkyrimTNG.esp
neetrenaza_13F,base
nefti_generic,Naughty Girls of Tamriel SSE AIO.esp
neira_4BC,Inconsequential NPCs.esp
neisa_generic,Follower Neisa.esp
nelacar_7D6,base
neldam_beloth_EA0,BSHeartland.esm
nelkir_67B,base
nelos_01A,3DNPC.esp
neloth_7DA,base
nelysa_generic,ICNs_ImmersiveCollegeNPCs.esp
nenya_823,base
nepos_the_nose_8F5,base
neremus_agrecian_97E,BSHeartland.esm
nerien_CC9,base
nervous_patron_25B,base
nesbjorn_generic,ETaC - Complete.esp | ETaC - Riverwood.esp
nestynia_A2D,Immersive Encounters.esp
nether_valley_generic,br0sBeastRacesOfSkyrimCompilationV3.esp
nevyn_generic,3DNPC.esp
nicoletta_generic,Harem - Volume 3.esp
niels_1CE,base
nightlord_vampire_generic,base
nightmaster_vampire_generic,base
nikulas_FC3,base
nilaan_generic,TrustyHPFollowerPack.esp
nilera_D91,Dawn of Skyrim.esp
nils_11A,base
nilsine_shatter-shield_12A,base
niluva_hlaalu_DE0,base
nilvas_reinhardt_generic,base
nimphaneth_B46,base
nimriel_928,base
nina_generic,KuroneFollowers.esp
niranye_11C,base
nirenoore_807,ksws04_quest.esp
niriel_2FB,Bosmer.esp
niruin_523,base
nirya_1A9,base
nishta_generic,Harem Volume IV.esp
nitter_F2A,3DNPC.esp
nivenor_DD8,base
niyya_E43,base
njada_stonearm_6DA,base
njordr_8FD,Winterhold Restored.esp
noble_generic,base
noblewoman_932,base
nocturnal_2EB,base
nora_generic,base
nord_henchman_D32,3DNPC.esp
norgrof_oak-heart_C5A,3DNPC.esp
northwatch_guard_generic,base
northwatch_interrogator_2FE,base
northwatch_mage_generic,base
northwatch_prisoner_A9C,base
northwatch_prisoner_AA0,base
northwatch_prisoner_AA4,base
noster_eagle-eye_8BD,base
nott_AD8,Winterhold Restored.esp
novice_conjurer_generic,base
novice_fire_mage_generic,base
novice_ice_mage_generic,base
novice_necromancer_generic,base
novice_storm_mage_generic,base
novor_generic,base
nura_snow-shod_DCC,base
nurelion_115,base
nymira_saloren_002,base
nyra_senvale_0EB,BecomeKingofSkyrimTNG.esp
nysath_folvyn_535,Project AHO.esm
nythriel_01A,3DNPC.esp
octavia_duskfell_generic,br0sBeastRacesOfSkyrimCompilationV3.esp
octavio_generic,Chronicon Follower Pack II.esp
octieve_san_8B4,base
odahviing_921,base
odar_8C6,base
odfel_E0D,base
odulf_generic,ETaC - Complete.esp | ETaC – Riverwood.esp
odvan_913,base
oengul_war-anvil_135,base
offryn_814,3DNPC.esp
ogdul_39F,3DNPC.esp
oglub_92F,base
ogmund_8F4,base
ogol_E23,base
ogrun_steelvein_6D2,BecomeKingofSkyrimTNG.esp
okapi_B73,3DNPC.esp
olaf_cold-heart_C25,BSHeartland.esm
olaf_one-eye_C1B,base
olava_the_feeble_699,base
old_nan_generic,Solitude Docks.esp
old_orc_generic,base
olda_A21,base
oleander_fitzel_generic,br0sBeastRacesOfSkyrimCompilationV3.esp
olette_983,3DNPC.esp
olfina_gray-mane_685,base
olfrid_battle-born_687,base
olfrreid_generic,Traveling Merchant Caravans.esp
olivia_meronin_AD4,3DNPC.esp
ollrod_DEA,base
olur_686,base
olvir_A40,Inconsequential NPCs.esp
omluag_8FC,base
ondiel_generic,Solitude Docks.esp
ondolemar_90D,base
ondrisa_13A,ETaC – Complete.esp | ETaC – Karthwasten.esp
ondrls_tarvanabibi_generic,CampNewZainab.esp
ongar_brewer_62C,LegacyoftheDragonborn.esm
onmund_1A2,base
onuja_generic,ICNs_ImmersiveCollegeNPCs.esp
oorlug_10D,ETaC – Complete.esp | ETaC – Dawnstar.esp
orben_generic,base
orc_hunter_generic,base
orchendor_F8E,base
orchid_F4E,PAN_FollowerPack1.esp
orcish_invader_generic,base
orenius_F9C,3DNPC.esp
orgnar_486,base
orianne_F66,Immersive Wenches.esp
oriella_633,base
orini_dral_generic,base
orla_901,base
ornella_generic,Harem - Volume 3.esp
orondil_B4D,3DNPC.esp
ortheim_F5C,3DNPC.esp
orthjolf_3AD,base
orthorn_389,base
orthus_endario_13D,base
oslaf_FA1,base
otar_the_mad_67A,base
othora_5CC,ETaC – Complete.esp | ETaC – Morthal.esp
paarthurnax_57D,base
pactur_A58,base
paige_generic,Harem - Volume 3.esp
pale_hold_guard_generic,base
palevius_lex_82E,base
pantea_ateia_8CC,base
paola_DCF,Harem 2 AIO Armored.esp
paratus_decimius_41B,base
parellius_EC7,3DNPC.esp
patero_marassi_36B,LegacyoftheDragonborn.esm
patero_marassi_80E,LegacyoftheDragonborn.esm
patero_marassi_976,LegacyoftheDragonborn.esm
patero_marassi_EAF,LegacyoftheDragonborn.esm
patrizia_4CA,Harem Volume IV.esp
patrizia_80B,AnnaNPCs.esp
pavati_o_riordan_generic,br0sBeastRacesOfSkyrimCompilationV3.esp
pavlina_generic,Harem - Volume 3.esp
pavo_attius_9B6,base
pelagius_bodyguard_generic,base
pelagius_the_suspicious_286,base
pelagius_the_tormented_82C,base
pelena_malumea_F23,BSHeartland.esm
pelgurt_9D3,3DNPC.esp
peline_tralecci_D6D,LotsPaidMercs.esp
penelope_8AB,Inconsequential NPCs.esp
penitus_oculatus_agent_generic,base
peragorn_A09,3DNPC.esp
perth_970,base
petra_C60,base
phinis_gestor_1A7,base
piradeeh_twice-bitten_18F,LotsPaidMercs.esp
pit_fan_generic,base
plautis_carvain_generic,base
player_friend_020,base
player_special,base
poacher_generic,base
poor_fishwife_319,base
poppy_generic,TTR Poppy.esp
prelate_athring_8AF,base
prelate_celegriath_8B8,base
prelate_edhelbor_8BF,base
prelate_nirilor_8BB,base
prelate_sidanyis_B48,base
priestess_of_arkay_generic,base
princess_sistina_313,fantasystylefollowers.esp
proventus_avenicci_67D,base
puck_ED2,3DNPC.esp
pyromancer_generic,base
pyrus_selenium_generic,br0sBeastRacesOfSkyrimCompilationV3.esp
qa_dojo_FF3,3DNPC.esp
qiana_generic,Harem.esp
quaranir_A3D,base
quari_vanne_generic,br0sBeastRacesOfSkyrimCompilationV3.esp
quintus_ambivio_generic,BSHeartland.esm
quintus_navale_116,base
ra_faraago_4E8,LotsPaidMercs.esp
ra_jhan_B90,LotsPaidMercs.esp
ra_jirr_7B8,base
ra_kheran_BC7,base
ra_zhinda_342,base
ra_zhirra_725,Project AHO.esm
raaslan_464,BSHeartland.esm
rachel_812,GirlsJV.esp
rachelle_811,GirlsJV.esp
radding_A0C,CFTO.esp
raddsgar_D55,OCW_Obscure's_CollegeofWinterhold.esp
radin_green-beard_generic,Solitude Docks.esp
raen_8AB,base
raerek_904,base
raeza_69E,raeza.esp
ragnar_933,base
rahd_279,base
rakeed_854,base
rakel_9C9,base
raleth_eldri_71E,base
ralgar_silver-plow_17C,BSHeartland.esm
ralis_sedarys_109,base
ralof_F9E,base
ram-ku_0D8,BecomeKingofSkyrimTNG.esp
ramati_11C,base
randrus_BC0,ETaC – Complete.esp | ETaC – Dawnstar.esp
ranis_oren_generic,base
ranmir_18B,base
rargal_thrallmaster_3AE,base
ravam_verethi_7A8,base
raven_generic,RavenFollower.esp
ravil_fandrani_A43,BSHeartland.esm
ravyn_imyan_085,base
raymaud_generic,Solitude Docks.esp
raynes_0B9,3DNPC.esp
rayya_216,base
razelan_3A7,base
razzada_the_resplendent_1A6,BSHeartland.esm
reach_hold_guard_A41,base
reaver_generic,base
reaver_highwayman_generic,base
reaver_lord_generic,base
reaver_marauder_generic,base
reaver_outlaw_generic,base
reaver_plunderer_generic,base
reaver_thug_generic,base
rebecca_609,Immersive Wenches.esp
rebecca_generic,Harem.esp
reburrus_quintilius_8E4,base
reckless_mage_315,base
recorder_306,Recorder Follower Base.esp
red_eagle_4B3,base
redguard_henchman_63F,3DNPC.esp
redoran_guard_5B8,base
redoran_guard_5B9,base
redoran_guard_5BA,base
redoran_guard_5BB,base
redoran_guard_5BC,base
redoran_guard_5BD,base
redoran_guard_5BE,base
redoran_guard_5BF,base
redoran_guard_A54,base
redoran_guard_A55,base
redoran_guard_A56,base
redoran_guard_D0B,base
redoran_guard_D0F,base
redoran_guard_D14,base
redoran_guard_generic,base
redwater_den_dealer_BF5,base
redwater_lookout_generic,base
redwater_skooma-addicted_nobleman_E1D,base
redwater_skooma_addict_D7B,base
reese_DE4,Harem 2 AIO Armored.esp
regular_patron_002,Inconsequential NPCs.esp
regular_patron_004,Inconsequential NPCs.esp
regular_patron_189,Inconsequential NPCs.esp
regular_patron_18C,Inconsequential NPCs.esp
regular_patron_190,Inconsequential NPCs.esp
regular_patron_191,Inconsequential NPCs.esp
regular_patron_21A,Inconsequential NPCs.esp
regular_patron_49E,Inconsequential NPCs.esp
regular_patron_56C,Inconsequential NPCs.esp
regular_patron_56E,Inconsequential NPCs.esp
regular_patron_690,Inconsequential NPCs.esp
regular_patron_BF5,Inconsequential NPCs.esp
regular_patron_C25,Inconsequential NPCs.esp
regular_patron_CB4,Inconsequential NPCs.esp
regular_patron_CB6,Inconsequential NPCs.esp
reldith_6AB,base
relic_D2D,3DNPC.esp
reln-tei_65083,base
remesa_nalyn_309,Project AHO.esm
remiel_-_requested_removed_by_author_generic,base
remnant_warrior_827,base
remnant_warrior_829,base
remnant_warrior_833,base
remzir_generic,HammetDungeon01.esm
renae_generic,RenaeFollower.esp
renod_even-toned_0A5,BSHeartland.esm
reobar_the_bard_3D0,BecomeKingofSkyrimTNG.esp
reunald_BE9,3DNPC.esp
reveler_generic,base
reves_generic,base
revus_sarvani_1EA,base
revyn_sadri_123,base
rexus_F2C,base
reya_redbeard_generic,base
rhaiella_generic,TrustyHPFollowerPack.esp
rhiada_8FE,base
rhorlak_9E5,base
ri_dat_0DB,BecomeKingofSkyrimTNG.esp
ri_sa_rounmin_generic,MONSTERaider - Beast Followers.esp
ri_saad_340,base
ri_vassen_67B,LotsPaidMercs.esp
ria_6D8,base
rico_generic,Chronicon Follower Pack II.esp
ridene_996,Immersive Wenches.esp
riekling_chief_509,base
riekling_generic,base
riese_pineweld_generic,br0sBeastRacesOfSkyrimCompilationV3.esp
rift_guard_generic,base
riften_city_guard_generic,base
riften_guard_generic,base
riften_guard_jailor_2A9,base
rigel_strong-arm_23B,base
rignar_58C,BSHeartland.esm
riharai_generic,wanderingskyrim.esp
rikka_FD1,Immersive Wenches.esp
rikve_147,ETaC – Complete.esp | ETaC – Karthwasten.esp
rilja_stone-hearth_F26,BSHeartland.esm
rina_9CA,Immersive Wenches.esp
rinlen_1E7,CFTO.esp
rinori_imaryn_C3C,3DNPC.esp
rinori_imaryn_E01,3DNPC.esp
rirns_llervu_F17,base
rissing_BC1,base
ritual_master_A25,base
roadside_guard_D20,base
robber_s_refuge_wench_324,3DNPC.esp
roberta_generic,Naughty Girls of Tamriel SSE AIO.esp
rochelle_the_red_generic,base
rogatus_salvius_937,base
rogen_B86,cutting room floor.esp
roggard_generic,Solitude Docks.esp
roggi_knot-beard_084,base
roggstad_41A,3DNPC.esp
roggvir_BDC,base
rohsen_generic,1B04ExtraNPCs.esp
roland_wickhart_0F3,BSHeartland.esm
rolf_C0A,CFTO.esp
rolff_stone-fist_FED,base
romlyn_dreth_DE1,base
rona_famalius_B36,BSHeartland.esm
rondach_90B,base
rondo_iseldor_generic,LotsPaidMercs.esp
rongeir_ice-eye_076,3DNPC.esp
ronni_fairyring_generic,br0sBeastRacesOfSkyrimCompilationV3.esp
ronthil_3AF,base
rorik_6A6,base
rorlund_8A5,base
rorygg_93B,Environs - Abandoned Abodes.esp
rosalie_65F,ETaC – Complete.esp | ETaC – Riverwood.esp
rosalind_F2B,3DNPC.esp
rosanti_anisern_5A1,LotsPaidMercs.esp
rowan_4D7,AsharaErinFollower.esp
roxelle_59F,Immersive Encounters.esp
ruanne_0D4,Immersive Wenches.esp
ruccia_jucani_F21,BSHeartland.esm
ruka_846,Chronicon Follower Pack I.esp
ruki_28A,base
rulindil_F25,base
rulnik_wind-strider_generic,base
rumarin_6EC,3DNPC.esp
runa_fair-shield_DE8,base
runa_generic,base
rundi_FFA,base
rune_FE0,base
runil_820,base
rustleif_6BE,base
ryleigh_generic,RyleighFollowerHP.esp | RyleighFollowerSE.esp
ryoko_generic,Chronicon Follower Pack II.esp
s_dosi_D27,LotsPaidMercs.esp
s_razim-dar_AC5,LotsPaidMercs.esp
s_vashni_160,3DNPC.esp
sa_ara_AAA,ETaC – Complete.esp | ETaC – Dawnstar.esp
saadia_505,base
saarthal_miner_generic,base
sabine_nytte_7A6,base
sabir_829,ETaC – Complete.esp | ETaC – Riverwood.esp
sabjorn_A8D,base
sabryna_valerius_F24,LotsPaidMercs.esp
sadeetrius_generic,Traveling Merchant Caravans.esp
sadella_rallenar_525,Project AHO.esm
saden_4BA,base
sadrin_rolo_A48,3DNPC.esp
saeliah_63E,Immersive Wenches.esp
saerlund_DEC,base
saffir_66C,base
saffron_generic,Follower Fever.esp
safia_7A4,base
safia_generic,base
saga_EB3,Apachii_DivineEleganceStore.esm
sahlene_45E,3DNPC.esp
sahloknir_D9F,base
saho_84A,Chronicon Follower Pack I.esp
sailor_generic,base
sairus_kintauk_generic,br0sBeastRacesOfSkyrimCompilationV3.esp
saliah_generic,base
salma_generic,base
salonia_caelia_3B0,base
salonia_carvain_generic,base
salricwin_generic,Traveling Merchant Caravans.esp
salty-throat_14F,3DNPC.esp
salvianus_014,base
sam_guevenne_6A0,base
samanta_94C,Immersive Wenches.esp
sameth_generic,ICNs_ImmersiveCollegeNPCs.esp
samuel_DE7,base
sanathyn_delas_5FE,LotsPaidMercs.esp
sanctuary_guardian_8B6,base
sandria_merand_generic,1B04ExtraNPCs.esp
sangi_generic,Naz_DOTD1.esp
sanguine_1F3,base
sannlith_993,Immersive Wenches.esp
sanyon_B48,base
sapphire_9A5,base
sarah_813,GirlsJV.esp
sarastaa_generic,SR Elf Followers.esp
sarthis_idren_generic,base
sasha_81B,base
sasha_generic,KuroneFollowers.esp
savard_7FA,ETaC – Complete.esp | ETaC – Morthal.esp
savos_aren_1B8,base
saya_generic,KuroneFollowers.esp
sayma_8C9,base
scavenger_generic,base
scheming_servant_313,base
scouts-many-marshes_140,base
seasoned_hunter_317,base
sebastian_lort_4EA,base
selena_generic,base
self_doubt_generic,base
selina_kyle_generic,base
sellus_prelius_A31,BSHeartland.esm
selveni_andavel_A06,Project AHO.esm
selveni_nethri_120,base
senna_3CD,base
septimus_signus_4F2,base
serana_B74,base
seren_6BF,base
serenity_generic,TrustyHPFollowerPack.esp
serer_orys_9E0,Project AHO.esm
sergius_turrianus_23F,base
serinsu_generic,Traveling Merchant Caravans.esp
sern_8F8,base
serulius_the_stagnant_65066,base
servos_rendas_AA5,base
servus_vodaci_C22,BSHeartland.esm
severio_pelagia_927,base
shack_alchemist_BE8,3DNPC.esp
shadowmere_CD7,base
shadr_E00,base
shady_merchant_812,Inconsequential NPCs.esp
shady_sam_0FE,alternate start - live another life.esp
shaed_BC0,Immersive Wenches.esp
shaglak_9FF,Project AHO.esm
shahvee_141,base
shalistra_853,Mayatola Unique Followers AIO.esp
shanath_selthri_A0A,Project AHO.esm
sharamph_685,base
sharli_9ED,Immersive Wenches.esp
shavari_E22,base
shayla_914,Immersive Wenches.esp
sheena_D74,Immersive Followers.esp
sheila_generic,Harem.esp
shel_92C,base
shelur_ice-eye_077,3DNPC.esp
shemir_generic,FEpack2_followers.esp
sheogorath_C6C,base
shilo_generic,Naz_DOTD1.esp
shino_generic,Shizuka.esp
shion_generic,Shizuka.esp
shiori_generic,Chronicon Follower Pack II.esp
shizuka_generic,Shizuka.esp
shor_s_stone_guard_generic,base
shuftharz_687,base
shuril_generic,3DNPC.esp
shyvana_D76,Immersive Followers.esp
sibbi_black-briar_DD3,base
sickly_farmer_4FB,base
sienna_flavia_423,AsharaErinFollower.esp
sifkning_0D7,BecomeKingofSkyrimTNG.esp
sifnar_ironkettle_5D2,base
sigaar_7B4,base
sigar_generic,base
sigdis_gauldurson_E68,base
sigeweard_generic,Mistborn.esp
sighne_generic,Azeneths Angels.esp | Sighne.esp
signar_iron-blood_8CF,cutting room floor.esp
signe_5EE,FreyaFollower.esp
sigrid_483,base
sigrid_614,AsharaErinFollower.esp
sigurd_D73,base
silah_generic,Silah Female Dragon.esp
silana_petreia_8A7,base
sild_s_assistant_7C6,base
sild_the_warlock_32B,base
silda_the_unseen_122,base
silus_vesuius_0CE,base
silver-blood_guard_generic,base
silver-blood_mercenary_generic,base
silvia_47C,base
simund_gautierre_E7E,BSHeartland.esm
sinding_1B8,base
sinja_strong-mind_E7F,BSHeartland.esm
sinmir_3BA,base
siona_F4F,PAN_FollowerPack1.esp
sirayar_828,base
sirgar_A59,base
siri_generic,acpanda Follower Pack.esp
sirkjorg_969,base
sirkvur_stonearm_generic,HammetDungeon01.esm
sissel_6AE,base
sithe_jumiri_generic,br0sBeastRacesOfSkyrimCompilationV3.esp
sixby_529,3DNPC.esp
skadi_8FE,Winterhold Restored.esp
skaggi_scar-face_9B1,base
skarjov_steel-shield_generic,base
skarri_A9B,Inconsequential NPCs.esp
skjarn_E09,3DNPC.esp
skjoldran_the_committed_A5C,LotsPaidMercs.esp
skjor_691,base
skjorta_396,ETaC – Complete.esp | ETaC – Karthwasten.esp
skjrta_generic,Solitude Docks.esp
skogul_generic,Skogul.esp
skooma_peddler_generic,BSHeartland.esm
skugal_generic,SolstheimMerchantsInWhiterun.esp
skuli_9D0,base
skulvar_sable-hilt_69C,base
sky_generic,SkyFollowerHP.esp
slave_trader_bandit_generic,Immersive Wenches.esp
sleeps-in-blossom_71F,CollegeOfWinterholdImmersive.esp
sleipnir_037,Winterhold Restored.esp
slitter_598,base
slyboots_586,Project AHO.esm
smites-and-slashes_generic,JokerineArgonianSettlement.esp
smith_orgon_generic,CampVarglya.esp
snak_generic,SnakBarr.esp
snilf_A8E,base
snilling_8DA,base
snipes-many-innocents_68C,BSHeartland.esm
snippy_3FF,Project AHO.esm
snorreid_5EF,base
snow_elf_woman_859,snow elf waifu.esp
sofia_827,SofiaFollower.esp
sofie_031,base
sogrlaf_6F8,base
soiree_velinoir_generic,base
solaf_81E,base
solise_generic,Solise.esp
solitude_guard_generic,base
solivia_generic,MXTSolivia.esp
solvi_generic,base
soma_848,Chronicon Follower Pack I.esp
sond_CC3,base
sond_generic,base
sondas_drenim_08E,base
soneya_generic,TrustyHPFollowerPack.esp
sonir_632,base
sonja_B2C,3DNPC.esp
sonya_the_bard_DCF,BecomeKingofSkyrimTNG.esp
sora_A7C,Environs - Abandoned Abodes.esp
soren_DE3,3DNPC.esp
sorex_vinius_8A3,base
sorine_jurard_475,base
sorink_BD2,BecomeKingofSkyrimTNG.esp
sorli_the_builder_A57,base
sosia_tremellia_9B2,base
speaks-in-song_generic,1B04ExtraNPCs.esp
spectral_assassin_generic,base
spirit_of_the_ancient_traveler_generic,base
spirit_wolf_827,3DNPC.esp
stalf_3B1,base
stalks_silently_generic,wanderingskyrim.esp
stalleo_4AA,base
stalleo_s_bodyguard_4AC,base
stalleo_s_bodyguard_4AD,base
stands-in-shallows_142,base
stantus_faleria_A46,BSHeartland.esm
staubin_8FA,base
steirod_9F7,cutting room floor.esp
stenar_ceno_A3F,BSHeartland.esm
stenvar_98C,base
stephanie_9C9,Immersive Wenches.esp
stephanie_generic,Naughty Girls of Tamriel SSE AIO.esp
stig_salt-plank_C01,base
storm_mage_adept_generic,base
storm_mage_generic,base
storm_wizard_generic,base
stormblade_freidar_generic,CampVarglya.esp
stormcloak_courier_generic,base
stormcloak_general_generic,base
stormcloak_guard_generic,base
stormcloak_quartermaster_generic,base
stormcloak_soldier_generic,base
storn_crag-strider_A0E,base
stromm_844,base
styrr_8A8,base
su-yeon_generic,Nyrified Akavir - Followers.esp
sudi_11A,base
sudola_generic,Traveling Merchant Caravans.esp
suleen_952,Immersive Wenches.esp
sulla_trebatius_0FA,base
sultry_maiden_837,base
sulvar_the_steady_generic,base
summer_skye_F7F,MistySkye.esp
summerset_shadow_generic,base
surges-like-seawater_generic,JokerineArgonianSettlement.esp
surgus_of_the_black_367,BecomeKingofSkyrimTNG.esp
suron_marys_6D1,Project AHO.esm
surtr_DE0,Winterhold Restored.esp
susanna_the_wicked_11B,base
suspicious_bard_D9C,Inconsequential NPCs.esp
suspicious_laborer_2AB,Inconsequential NPCs.esp
suspicious_man_03F,Inconsequential NPCs.esp
suspicious_man_506,Inconsequential NPCs.esp
suspicious_scribe_2D8,Inconsequential NPCs.esp
suvaris_atheron_126,base
suwen_B86,LotsPaidMercs.esp
svaknir_57D,base
svana_far-shield_DDB,base
svari_636,base
sven_360,3DNPC.esp
sven_491,base
svenja_strong-arm_063,BSHeartland.esm
svetlana_generic,Harem - Volume 3.esp
svondir_generic,1B04ExtraNPCs.esp
swanhvir_A52,base
swims-in-deep-water_91C,base
sybille_stentor_8C5,base
sylgja_A46,base
sylphid_839,fantasystylefollowers.esp
sylphiron_0A3,3DNPC.esp
sylvia_generic,Pure Sylvia Follower.esp
synda_llanith_33C,base
syndus_9D7,base
synod_researcher_generic,base
taarie_8AC,base
tacitus_sallustius_907,base
tadys_andavel_A05,Project AHO.esm
taeka_680,lwbWitch.esp
takes-in-light_DC3,base
talen-jei_DC9,base
tali_rounmin_generic,MONSTERaider - Beast Followers.esp
talib_generic,base
talsgar_the_wanderer_generic,base
talvas_fathryon_7DB,base
talvur_C78,base
tamara_generic,Helgen Reborn.esp
tamda_F12,Immersive Wenches.esp
tamina_elenil_9EA,Project AHO.esm
tandil_251,base
tania_the_hermit_generic,hermit.esp
tanita_C97,3DNPC.esp
tarakel_generic,ICNs_ImmersiveCollegeNPCs.esp
taron_dreth_generic,base
tasius_tragus_generic,base
tatiana_eldrich_generic,br0sBeastRacesOfSkyrimCompilationV3.esp
tatiyana_9EA,AnnaNPCs.esp
tatriana_951,Immersive Wenches.esp
taunting_adventurer_generic,base
tea_generic,MVC Jaylen Follower Pack.esp
tedral_mendrin_161,BSHeartland.esm
teeba-ei_A54,base
teeka-dulei_495,LotsPaidMercs.esp
tekla_81C,base
telani_bluelion_EA6,LotsPaidMercs.esp
teldryn_sero_565,base
tellevi_F5A,3DNPC.esp
telrav_A06,base
telthar_8DC,3DNPC.esp
telura_atheron_540,FloatingSwordFollower.esp
temba_wide-arm_AB3,base
tenysara_generic,Traveling Merchant Caravans.esp
terek_generic,base
teretia_949,Immersive Wenches.esp
tervan_ashumallit_generic,CampNewZainab.esp
teryn_meru_60A,AnnaNPCs.esp
terynne_6DD,3DNPC.esp
terynne_8C4,3DNPC.esp
thadar_D98,Dawn of Skyrim.esp
thadar_felder_AC2,LotsPaidMercs.esp
thadgeir_5EA,base
thador_generic,base
thaena_1B6,base
thaer_7B1,base
thaldrin_marrow-quill_1E6,BecomeKingofSkyrimTNG.esp
thalmor_adjutant_58B,BSHeartland.esm
thalmor_justiciar_generic,base
thalmor_sentry_2B7,Inconsequential NPCs.esp
thalmor_sentry_76C,Inconsequential NPCs.esp
thane_charlotte_881,ETaC – Complete.esp | ETaC – Morthal.esp
thane_eirfa_four-shoes_09B,ETaC – Complete.esp | ETaC – Dawnstar.esp
thane_valund_883,ETaC – Complete.esp | ETaC – Morthal.esp
tharstan_FD0,base
the_caller_247,base
the_nerevarine_803,MoonAndStar_MAS.esp
thelsa_andalas_817,OCW_Obscure's_CollegeofWinterhold.esp
thenius_marbrand_109,BecomeKingofSkyrimTNG.esp
theron_00B,3DNPC.esp
therron_029,ETaC – Complete.esp | ETaC – Dawnstar.esp
thief_generic,base
thjol_A7B,Environs - Abandoned Abodes.esp
thjollod_generic,base
thomas_6B7,base
thonar_silver-blood_8E6,base
thongvor_silver-blood_8E3,base
thonjolf_191,base
thonnir_A6B,base
thorald_gray-mane_C8D,base
thorek_200,base
thorgar_778,base
thorina_686,BSHeartland.esm
thoring_6C8,base
thorolf_923,3DNPC.esp
thorygg_sun-killer_F92,base
thraria_0D8,Immersive Wenches.esp
threki_the_innocent_DF4,base
thrice-bitten_256,3DNPC.esp
thrynn_FDD,base
thurlan_438,Dawn of Skyrim.esp
tikrid_021,3DNPC.esp
tilde_DE8,base
tilisu_severin_287,base
tilma_the_haggard_DE9,base
tina_8F0,fantasystylefollowers.esp
tiziana_B14,Harem Volume IV.esp
tobir_the_beggar_2D5,LotsPaidMercs.esp
toccata_generic,Toccata.esp
toldas_the_seed_EA9,LotsPaidMercs.esp
tolenos_omoren_D19,base
tolfdir_1A1,base
tonas_oren_generic,base
tonilia_82A,base
tor_zhat_laur_generic,br0sBeastRacesOfSkyrimCompilationV3.esp
torbaer_fishfoot_generic,1B04ExtraNPCs.esp
torbjorn_shatter-shield_12B,base
torkild_generic,base
torkild_the_fearsome_6AB,base
tormir_090,base
torolf_F97,base
torsten_cruel-sea_130,base
torture_victim_D0B,base
torture_victim_D0F,base
torture_victim_D9B,base
torture_victim_DAB,base
torturer_9BA,base
torturer_s_assistant_EC0,base
torvar_6DC,base
torveld_7EF,3DNPC.esp
torygg_579,base
toulin_previa_D67,LotsPaidMercs.esp
tova_shatter-shield_12C,base
town_crier_CF9,Inconsequential NPCs.esp
traillus_DA4,cutting room floor.esp
traveling_bard_generic,base
traveling_dignitary_31D,base
traveling_merchant_generic,base
traveling_noblewoman_generic,base
traveling_pilgrim_generic,base
treads-the-ashes_generic,3DNPC.esp
tresa_3E2,Mayatola Unique Followers AIO.esp
tricia_generic,Harem.esp
trilf_9F8,cutting room floor.esp
trius_BAC,base
tsabhi_50C,BecomeKingofSkyrimTNG.esp
tsavani_3BE,base
tsrasuna_684,base
tsun_829,base
tulinn_F90,CFTO.esp
tulvur_971,base
tuthul_971,base
tuula_94A,Immersive Wenches.esp
two-tails_1F4,3DNPC.esp
tynan_71B,base
tyrion_2D8,AnnaNPCs.esp
tythis_ulen_DDE,base
uaile_31B,base
ueldon_yewful_generic,br0sBeastRacesOfSkyrimCompilationV3.esp
uglarz_170,base
ugor_E1B,base
ukalei-zish_ACB,LotsPaidMercs.esp
ulag_AA0,base
ulfberth_war-bear_5B0,base
ulfgar_the_unending_C07,base
ulfr_the_blind_401,base
ulgruff_chill-wind_04B,BSHeartland.esm
ulla_627,ETaC – Complete.esp | ETaC – Dawnstar.esp
ullr_DDA,Winterhold Restored.esp
ulundil_145,base
ulves_romoran_7DE,base
ulyn_CE3,base
umana_0F9,base
umurn_92D,base
una_8C8,base
unblooded_arnolf_generic,CampVarglya.esp
unblooded_gardfur_generic,CampVarglya.esp
unblooded_gretha_generic,CampVarglya.esp
unblooded_hearth_generic,CampVarglya.esp
unblooded_ulrik_generic,CampVarglya.esp
unelma_generic,SR Elf Followers.esp
unemployed_laborer_320,base
ungrien_DDD,base
ungveir_C49,BSHeartland.esm
unmid_snow-shod_E3C,base
uno_generic,UnoFollower2.esp
uraccen_914,base
urag_gro-shub_1B4,base
uramul_459,BecomeKingofSkyrimTNG.esp
urchin_D57,Inconsequential NPCs.esp
urchin_D83,Inconsequential NPCs.esp
urchin_EF5,Inconsequential NPCs.esp
urchin_EF6,Inconsequential NPCs.esp
urchin_EF7,Inconsequential NPCs.esp
ureni_E71,3DNPC.esp
urma_gra-shazur_0F5,BSHeartland.esm
urog_096,base
urshpu_generic,CampNewZainab.esp
ursila_the_seeker_BAF,LotsPaidMercs.esp
urzoga_gra-shugurz_918,base
urzub_782,3DNPC.esp
urzul_generic,wanderingskyrim.esp
usha_371,base
uthgerd_the_unbroken_918,base
uthrel_816,Dawn of Skyrim.esp
uzul_generic,Aymarandfriends.esp
vaermina_26D,base
vagrant_generic,base
vahlok_the_jailor_AD0,base
vahlokmir_912,3DNPC.esp
valasca_959,Immersive Wenches.esp
vald_B09,base
valdar_E78,base
valdimar_21D,base
valdr_1B9,base
valen_sarethi_6D6,Project AHO.esm
valencia_475,3DNPC.esp
valenor_A55,3DNPC.esp
valentina_E0C,Harem 2 AIO Armored.esp
valeren_generic,Dunmer.esp
valerica_B8E,base
valga_vinicia_198,base
valgus_598,3DNPC.esp
vali_567,Winterhold Restored.esp
valie_F98,base
valindor_DE3,base
valla_2D4,AnnaNPCs.esp
valla_E5E,3DNPC.esp
valmilia_generic,ValmiliaFollower.esp
vals_veran_FE7,base
valyen_4FE,AnnaNPCs.esp
vampire_assassin_generic,base
vampire_cattle_generic,base
vampire_fledgling_generic,base
vampire_generic,base
vampire_mistwalker_generic,base
vampire_naturalist_85C,base
vampire_nightstalker_generic,base
vampire_scout_generic,base
vampire_wench_cattle_7ED,Immersive Wenches.esp
vampire_wench_cattle_7EE,Immersive Wenches.esp
vampire_wench_cattle_7F0,Immersive Wenches.esp
vampire_wench_cattle_7FB,Immersive Wenches.esp
vampire_wench_cattle_913,Immersive Wenches.esp
vampire_wench_cattle_914,Immersive Wenches.esp
van_lorelei_669,AnnaNPCs.esp
vanik_B89,base
vanryth_gatharian_9EA,base
vantus_loreius_6B2,base
varen_rendo_9F0,Project AHO.esm
varicio_the_collector_C19,LegacyoftheDragonborn.esm
varnius_junius_985,base
vartheim_9C4,3DNPC.esp
vasha_3F3,base
vassi_ice_tooth_generic,base
vaughn_2A1,3DNPC.esp
vawkes_01D,3DNPC.esp
vayne_806,CSV_Vayne.esp
vayne_DB0,base
veekas_8FF,ETaC – Complete.esp | ETaC – Riverwood.esp
veezara_3AE,base
vekel_the_man_DF9,base
veldar_duskstrider_240,BecomeKingofSkyrimTNG.esp
velehk_sain_D3D,base
velis_generic,base
velrosi_generic,TrustyHPFollowerPack.esp
velyna_rathvasi_A3D,MoonAndStar_MAS.esp
venarus_vulpin_generic,base
vendil_severin_285,base
vera_needle_generic,br0sBeastRacesOfSkyrimCompilationV3.esp
veralene_D52,3DNPC.esp
veren_duleri_201,base
veresa_mentedius_63F,ETaC – Complete.esp | ETaC – Rorikstead.esp
verin_B1C,base
verner_rock-chucker_093,base
veronica_F14,Immersive Wenches.esp
vesta_E21,Harem 2 AIO Armored.esp
vex_938,base
viania_954,Immersive Wenches.esp
viarmo_8CB,base
victoria_80D,GirlsJV.esp
vidgrod_8AC,base
viding_generic,base
vidrald_generic,base
vigdis_salvius_938,base
vighar_824,base
vigilance_7AB,base
vigilant_adalvald_BB8,base
vigilant_tolan_532,base
vigilant_tyranus_33C,base
vignar_gray-mane_6A1,base
vigram_8F5,3DNPC.esp
viinturuth_BB1,base
vilena_generic,wanderingskyrim.esp
vilja_generic,EMCompViljaSkyrim.esp
vilkas_695,base
vilod_F9B,base
vinarion_generic,1B04ExtraNPCs.esp
vincent_von_dahl_generic,br0sBeastRacesOfSkyrimCompilationV3.esp
vincenza_generic,Harem Volume IV.esp
vindele_rathryn_generic,1B04ExtraNPCs.esp
vingalmo_3B3,base
vinnius_18F,3DNPC.esp
viola_giordano_13C,base
violet_70A,Inconsequential NPCs.esp
violet_955,Immersive Wenches.esp
viorica_generic,VioricaFollowerHP.esp
vipir_the_fleet_535,base
viranya_A03,3DNPC.esp
virginia_generic,Naughty Girls of Tamriel SSE AIO.esp
viriya_906,base
virkmund_A6C,base
viscount_marcius_carvain_58D,BSHeartland.esm
visia_hlaalu_EB3,Inconsequential NPCs.esp
visiting_advisor_generic,base
visiting_noble_25D,base
vithar_F2F,Winterhold Restored.esp
vittoria_vici_8B6,base
vivienne_onis_8D3,base
vivika_83E,Chronicon Follower Pack I.esp
voada_90C,base
voldsea_giryon_7A5,base
volk_D14,base
volkihar_master_vampire_generic,base
volkihar_vampire_generic,base
voltan_maecius_ABF,LotsPaidMercs.esp
volundr_CEC,Winterhold Restored.esp
vori_DE9,base
vorstag_984,base
vryndnir_generic,base
vukeera_F36,3DNPC.esp
vuljotnaak_BAF,base
vulthuryol_AC5,base
vulwulf_snow-shod_DCB,base
vunhilde_the_stone_generic,1B04ExtraNPCs.esp
vyliana_3E1,Mayatola Unique Followers AIO.esp
vyrana_3E8,Mayatola Unique Followers AIO.esp
wampii_generic,Wampii.esp
wander-lust_383,3DNPC.esp
wary_outlaw_CD2,base
watches-the-roots_A33,base
watchman_683,base
wendal_marianas_generic,br0sBeastRacesOfSkyrimCompilationV3.esp
weylin_8AB,base
weyna_98A,Immersive Wenches.esp
whig_C80,3DNPC.esp
white_317,fantasystylefollowers.esp
white_generic,fantasystylefollowers.esp
whiterun_guard_generic,base
widowmaker_814,OW_Widowmaker.esp
wilhelm_E02,base
wilhod_F8E,CFTO.esp
willem_137,ETaC – Complete.esp | ETaC – Karthwasten.esp
willem_1B0,base
willow_generic,WillowFollowerV1.esp
wilmuth_CDA,base
winch_the_handy_966,Vigilant.esm
windhelm_guard_generic,base
winona_fallen_generic,br0sBeastRacesOfSkyrimCompilationV3.esp
winterhold_guard_generic,base
winterhold_jailer_474,Winterhold Restored.esp
wise_woman_ulisu_generic,CampNewZainab.esp
worker_363,Inconsequential NPCs.esp
worker_5EC,Inconsequential NPCs.esp
wounded_soldier_4F7,base
wrenard_phifer_790,Immersive Encounters.esp
wujeeta_DDF,base
wulf_wild-blood_FB2,base
wulfgar_6B6,base
wuunferth_the_unliving_132,base
wylandriah_DF0,base
wyndelius_gatharian_1DF,base
xander_529,base
xelzaz_requested_removed_by_author_generic,base
xia_xiao_wei_generic,XiaXiaoWei.esp
xiao_ling_generic,xiaolingHPfollower.esp
xircon_blight_generic,br0sBeastRacesOfSkyrimCompilationV3.esp
xiu_generic,Harem - Volume 3.esp
y_tharil_C5F,3DNPC.esp
yag_gra-gortwog_3B9,base
yanique_generic,Harem - Volume 3.esp
yanne_63F,Immersive Wenches.esp
yar_gro-gatuk_099,base
yarbrough_09E,3DNPC.esp
yatul_095,base
yen-ylu_7F5,Project AHO.esm
yggleif_798,3DNPC.esp
yisra_generic,base
ylfa_grimhart_09A,BecomeKingofSkyrimTNG.esp
ylgyne_8AF,3DNPC.esp
yngvar_the_singer_8E5,base
yngvild_ghost_generic,base
yngvor_skyguard_301,LotsPaidMercs.esp
ynvar_67A,3DNPC.esp
yrsa_FBE,base
yrsarald_thrice-pierced_E08,base
yscara_generic,wanderingskyrim.esp
yseld_601,3DNPC.esp
ysgramor_BD2,base
ysilia_generic,FFNords.esp
ysolda_69A,base
ysse_the_bard_E3A,BecomeKingofSkyrimTNG.esp
yui_generic,MVC Jaylen Follower Pack.esp
yuki_seth_generic,MVC Yuki Seth Follower.esp
yumi_generic,KuroneFollowers.esp
yumi_newtsong_generic,br0sBeastRacesOfSkyrimCompilationV3.esp
yushari_461,3DNPC.esp
yuuko_843,Chronicon Follower Pack I.esp
yvelle_generic,Yvelle follower.esp
yvet_generic,Yvet_Follower.esp
zajhirra_DA7,3DNPC.esp
zaria_19B,base
zarlak_DF9,3DNPC.esp
zarona_orys_9E1,Project AHO.esm
zathra_nightfire_1BC,BecomeKingofSkyrimTNG.esp
zayda_generic,Harem Volume IV.esp
zaynabi_348,base
zehra_generic,Harem - Volume 3.esp
zeke_tartarus_generic,br0sBeastRacesOfSkyrimCompilationV3.esp
zhang_fei_generic,Nyrified Akavir - Followers.esp
zhara_generic,Zhara.esp
zharasha_generic,base
zin_wythering_generic,br0sBeastRacesOfSkyrimCompilationV3.esp
zoe_961,Chronicon Follower Pack I.esp
zora_fair-child_4A8,3DNPC.esp
zorya_403,AnnaNPCs.esp
zusha_F50,PAN_FollowerPack1.esp
