bioKey,claimants,shippedIn
aenar_395,ETaC – Complete.esp | ETaC – Karthwasten.esp,ETaC – Complete.esp | ETaC – Karthwasten.esp
alday_8E0,ETaC – Complete.esp | ETaC – Dawnstar.esp,ETaC – Complete.esp | ETaC – Dawnstar.esp
alhildr_fair-wind_generic,ETaC - Complete.esp | ETaC - Dawnstar.esp,ETaC - Complete.esp | ETaC - Dawnstar.esp
amaya_generic,AmayaHPSSE.esp | AmayaLPSSE.esp,AmayaHPSSE.esp | AmayaLPSSE.esp
balag_jo_4EB,ETaC – Complete.esp | ETaC – Karthwasten.esp,ETaC – Complete.esp | ETaC – Karthwasten.esp
basil_827,ETaC – Complete.esp | ETaC – Riverwood.esp,ETaC – Complete.esp | ETaC – Riverwood.esp
bothilda_3F5,ETaC – Complete.esp | ETaC – Rorikstead.esp,ETaC – Complete.esp | ETaC – Rorikstead.esp
bowen_D46,ETaC – Complete.esp | ETaC – Dawnstar.esp,ETaC – Complete.esp | ETaC – Dawnstar.esp
braenn_generic,Azeneths Angels.esp | Braenn.esp,Azeneths Angels.esp | Braenn.esp
brandulf_578,ETaC – Complete.esp | ETaC – Riverwood.esp,ETaC – Complete.esp | ETaC – Riverwood.esp
caminda_A98,ETaC – Complete.esp | ETaC – Riverwood.esp,ETaC – Complete.esp | ETaC – Riverwood.esp
candariel_7C5,ETaC – Complete.esp | ETaC – Dawnstar.esp,ETaC – Complete.esp | ETaC – Dawnstar.esp
dynara_76C,ETaC – Complete.esp | ETaC – Riverwood.esp,ETaC – Complete.esp | ETaC – Riverwood.esp
elyse_generic,ElyseFollowerHP.esp | ElyseFollowerSE.esp,ElyseFollowerHP.esp | ElyseFollowerSE.esp
emelia_celata_1FE,ETaC – Complete.esp | ETaC – Karthwasten.esp,ETaC – Complete.esp | ETaC – Karthwasten.esp
erarik_0AB,ETaC – Complete.esp | ETaC – Kynesgrove.esp,ETaC – Complete.esp | ETaC – Kynesgrove.esp
frieda_AA7,ETaC – Complete.esp | ETaC – Dawnstar.esp,ETaC – Complete.esp | ETaC – Dawnstar.esp
gianna_petrus_D4D,ETaC – Complete.esp | ETaC – Dawnstar.esp,ETaC – Complete.esp | ETaC – Dawnstar.esp
hagbar_154,ETaC – Complete.esp | ETaC – Karthwasten.esp,ETaC – Complete.esp | ETaC – Karthwasten.esp
hellia_2D7,ETaC – Complete.esp | ETaC – Kynesgrove.esp,ETaC – Complete.esp | ETaC – Kynesgrove.esp
hjorik_626,ETaC – Complete.esp | ETaC – Dawnstar.esp,ETaC – Complete.esp | ETaC – Dawnstar.esp
hradi_D48,ETaC – Complete.esp | ETaC – Dawnstar.esp,ETaC – Complete.esp | ETaC – Dawnstar.esp
ilfhild_0AC,ETaC – Complete.esp | ETaC – Kynesgrove.esp,ETaC – Complete.esp | ETaC – Kynesgrove.esp
isgerdr_57C,ETaC – Complete.esp | ETaC – Riverwood.esp,ETaC – Complete.esp | ETaC – Riverwood.esp
janus_mentedius_639,ETaC – Complete.esp | ETaC – Rorikstead.esp,ETaC – Complete.esp | ETaC – Rorikstead.esp
jee-tah_72A,ETaC – Complete.esp | ETaC – Morthal.esp,ETaC – Complete.esp | ETaC – Morthal.esp
karin_generic,KarinFollowerHP.esp | KarinFollowerSE.esp,KarinFollowerHP.esp | KarinFollowerSE.esp
khafrus_AA3,ETaC – Complete.esp | ETaC – Dawnstar.esp,ETaC – Complete.esp | ETaC – Dawnstar.esp
kurz-ei_72B,ETaC – Complete.esp | ETaC – Morthal.esp,ETaC – Complete.esp | ETaC – Morthal.esp
lenoril_7C4,ETaC – Complete.esp | ETaC – Dawnstar.esp,ETaC – Complete.esp | ETaC – Dawnstar.esp
lilah_generic,LilahFollowerHP.esp | LilahFollowerLP.esp,LilahFollowerHP.esp | LilahFollowerLP.esp
lisella_AA2,ETaC – Complete.esp | ETaC – Dawnstar.esp,ETaC – Complete.esp | ETaC – Dawnstar.esp
luna_generic,LunaFollowerHP.esp | LunaFollowerSE.esp,LunaFollowerHP.esp | LunaFollowerSE.esp
marla_5CD,ETaC – Complete.esp | ETaC – Morthal.esp,ETaC – Complete.esp | ETaC – Morthal.esp
merrienne_BBF,ETaC – Complete.esp | ETaC – Dawnstar.esp,ETaC – Complete.esp | ETaC – Dawnstar.esp
myrun_580,ETaC – Complete.esp | ETaC – Riverwood.esp,ETaC – Complete.esp | ETaC – Riverwood.esp
nesbjorn_generic,ETaC - Complete.esp | ETaC - Riverwood.esp,ETaC - Complete.esp | ETaC - Riverwood.esp
odulf_generic,ETaC - Complete.esp | ETaC – Riverwood.esp,ETaC - Complete.esp | ETaC – Riverwood.esp
ondrisa_13A,ETaC – Complete.esp | ETaC – Karthwasten.esp,ETaC – Complete.esp | ETaC – Karthwasten.esp
oorlug_10D,ETaC – Complete.esp | ETaC – Dawnstar.esp,ETaC – Complete.esp | ETaC – Dawnstar.esp
othora_5CC,ETaC – Complete.esp | ETaC – Morthal.esp,ETaC – Complete.esp | ETaC – Morthal.esp
randrus_BC0,ETaC – Complete.esp | ETaC – Dawnstar.esp,ETaC – Complete.esp | ETaC – Dawnstar.esp
rikve_147,ETaC – Complete.esp | ETaC – Karthwasten.esp,ETaC – Complete.esp | ETaC – Karthwasten.esp
rosalie_65F,ETaC – Complete.esp | ETaC – Riverwood.esp,ETaC – Complete.esp | ETaC – Riverwood.esp
ryleigh_generic,RyleighFollowerHP.esp | RyleighFollowerSE.esp,RyleighFollowerHP.esp | RyleighFollowerSE.esp
sa_ara_AAA,ETaC – Complete.esp | ETaC – Dawnstar.esp,ETaC – Complete.esp | ETaC – Dawnstar.esp
sabir_829,ETaC – Complete.esp | ETaC – Riverwood.esp,ETaC – Complete.esp | ETaC – Riverwood.esp
savard_7FA,ETaC – Complete.esp | ETaC – Morthal.esp,ETaC – Complete.esp | ETaC – Morthal.esp
sighne_generic,Azeneths Angels.esp | Sighne.esp,Azeneths Angels.esp | Sighne.esp
skjorta_396,ETaC – Complete.esp | ETaC – Karthwasten.esp,ETaC – Complete.esp | ETaC – Karthwasten.esp
thane_charlotte_881,ETaC – Complete.esp | ETaC – Morthal.esp,ETaC – Complete.esp | ETaC – Morthal.esp
thane_eirfa_four-shoes_09B,ETaC – Complete.esp | ETaC – Dawnstar.esp,ETaC – Complete.esp | ETaC – Dawnstar.esp
thane_valund_883,ETaC – Complete.esp | ETaC – Morthal.esp,ETaC – Complete.esp | ETaC – Morthal.esp
therron_029,ETaC – Complete.esp | ETaC – Dawnstar.esp,ETaC – Complete.esp | ETaC – Dawnstar.esp
ulla_627,ETaC – Complete.esp | ETaC – Dawnstar.esp,ETaC – Complete.esp | ETaC – Dawnstar.esp
veekas_8FF,ETaC – Complete.esp | ETaC – Riverwood.esp,ETaC – Complete.esp | ETaC – Riverwood.esp
veresa_mentedius_63F,ETaC – Complete.esp | ETaC – Rorikstead.esp,ETaC – Complete.esp | ETaC – Rorikstead.esp
willem_137,ETaC – Complete.esp | ETaC – Karthwasten.esp,ETaC – Complete.esp | ETaC – Karthwasten.esp
